canonical_smiles,pIC50
CN(C)c1ccc(-c2cn3cc(Br)ccc3n2)cc1,7.99
CN(C)c1ccc(-c2nc3ccc(I)cc3s2)cc1,9.05
Cc1ccc2nc(-c3ccc(N(C)C)cc3)cn2c1,6.62
Cc1ccc2nc(-c3ccc(Br)cc3)cn2c1,6.2
CN(C)c1ccc2nc(-c3ccc(Br)cc3)cn2c1,6.47
CN(C)c1ccc(-c2cn3cc(I)ccc3n2)cc1,7.82
CC12CCC(C1)C(C)(C)C2NS(=O)(=O)c1ccc(F)cc1,5.3
CC12CC[C@@H](C1)C(C)(C)[C@@H]2NS(=O)(=O)c1cccs1,5.57
CC12CC[C@@H](C1)C(C)(C)[C@@H]2NS(=O)(=O)c1ccc(F)cc1,5.75
CC12CC[C@@H](C1)C(C)(C)[C@@H]2NS(=O)(=O)c1ccc(Cl)cc1,4.96
CC12CC[C@@H](C1)C(C)(C)[C@@H]2NS(=O)(=O)c1ccc(Br)cc1,5.0
O=C(O)c1cc(/C=C\c2ccc(/C=C\c3ccc(O)c(C(=O)O)c3)c(Br)c2)ccc1O,9.89
O=C(O)c1cc(/C=C\c2ccc(/C=C/c3ccc(O)c(C(=O)O)c3)c(Br)c2)ccc1O,9.57
O=C(O)c1cc(/C=C\c2ccc(/C=C/c3ccc(O)c(C(=O)O)c3)cc2Br)ccc1O,9.72
O=C(O)c1cc(/N=N/c2ccc(-c3ccc(/N=N/c4ccc(O)c(C(=O)O)c4)cc3)cc2)ccc1O,9.85
O=C(O)c1cc(/C=C/c2ccc(/C=C/c3ccc(O)c(C(=O)O)c3)c(Br)c2)ccc1O,9.96
CN(C)c1ccc(-c2nc3ccc(I)cc3s2)cc1,9.05
CN(C)c1ccc(-c2nc3ccc(I)cc3s2)cc1,8.66
CN1CCN(c2ccc(-c3nc4ccc(I)cc4s3)cc2)CC1,8.27
CN1CCN(c2ccc(-c3nc4ccc(I)cc4s3)cc2)CC1,8.19
COc1ccc(/C=C/c2ccc(/C=C/c3ccc(OC)c(C(=O)O)c3)c(I)c2)cc1C(=O)O,9.77
COc1ccc(/C=C/c2ccc(/C=C/c3ccc(OC)c(C(=O)O)c3)c(I)c2)cc1C(=O)O,9.1
O=C(O)c1cc(/N=N/c2ccc(-c3ccc(/N=N/c4ccc(O)c(C(=O)O)c4)cc3)cc2)ccc1O,9.85
O=C(O)c1cc(/N=N/c2ccc(-c3ccc(/N=N/c4ccc(O)c(C(=O)O)c4)cc3)cc2)ccc1O,9.4
CN(C)c1ccc(-c2nc3ccc(Br)cc3s2)cc1,8.72
CN(C)c1ccc(-c2nc3ccc(Br)cc3s2)cc1,9.1
Cc1ccc2c(c1)sc(-c1ccc(N(C)C)cc1)[n+]2C,6.94
Cc1ccc2c(c1)sc(-c1ccc(N(C)C)cc1)[n+]2C,6.53
CN1CCN(c2ccc(-c3nc4ccc(Br)cc4s3)cc2)CC1,8.8
CN1CCN(c2ccc(-c3nc4ccc(Br)cc4s3)cc2)CC1,8.3
COc1ccc2nc(-c3ccc(N(C)C)cc3)sc2c1,8.72
CNc1ccc(-c2nc3ccccc3s2)cc1,7.96
CNc1ccc(-c2nc3ccc(O)cc3s2)cc1,8.37
CNc1ccc(-c2nc3ccc(C#N)cc3s2)cc1,8.07
COc1ccc2nc(-c3ccc(N)cc3)sc2c1,8.15
Nc1ccc(-c2nc3ccccc3s2)cc1,7.43
CNc1ccc(-c2nc3ccc(Br)cc3s2)cc1,8.77
Nc1ccc(-c2nc3ccc(O)cc3s2)cc1,7.34
CN(C)c1ccc(-c2nc3ccc(Br)cc3s2)cc1,8.54
CN(C)c1ccc(-c2nc3ccccc3s2)cc1,8.4
N#Cc1ccc2nc(-c3ccc(N)cc3)sc2c1,7.19
CN(C)c1ccc(-c2nc3ccc(C#N)cc3s2)cc1,7.96
Cc1ccc2c(c1)sc(-c1ccc(N(C)C)cc1)[n+]2C,6.24
CNc1ccc(-c2nc3ccc(C)cc3s2)cc1,8.0
Cc1ccc2nc(-c3ccc(N(C)C)cc3)sc2c1,7.19
CN(C)c1ccc(-c2nc3ccc(O)cc3s2)cc1,8.36
Nc1ccc(-c2nc3ccc(Br)cc3s2)cc1,8.14
CNc1ccc(-c2nc3ccc(OC)cc3s2)cc1,8.31
Cc1ccc2nc(-c3ccc(N)cc3)sc2c1,8.02
CCOC(=O)N1CCC(c2ccccc2OC)(S(=O)(=O)c2ccc(Cl)cc2)CC1,5.46
CCOC(=O)N1CCC(c2ccccc2OC)(S(=O)(=O)c2ccc(Cl)cc2)CC1,5.3
CCOC(=O)N1CCC(c2ccccc2OC)(S(=O)(=O)c2ccc(Cl)cc2)CC1,5.99
CCOC(=O)N1CCC(c2ccccc2OC)(S(=O)(=O)c2ccc(Cl)cc2)CC1,6.28
CCOC(=O)N1CCC(c2ccccc2OC)(S(=O)(=O)c2ccc(Cl)cc2)CC1,6.19
CCOC(=O)N1CCC(c2ccccc2)(S(=O)(=O)c2ccc(Cl)cc2)CC1,4.91
CCOC(=O)N1CCC(c2ccccc2)(S(=O)(=O)c2ccc(Cl)cc2)CC1,4.68
CCOC(=O)N1CCC(c2ccccc2C)(S(=O)(=O)c2ccc(Cl)cc2)CC1,5.57
CCOC(=O)N1CCC(c2ccccc2C)(S(=O)(=O)c2ccc(Cl)cc2)CC1,5.43
CCOC(=O)N1CCC(c2ccccc2OC)(S(=O)(=O)c2ccccc2)CC1,4.2
CCOC(=O)N1CCC(c2ccccc2C)(S(=O)(=O)c2ccccc2)CC1,4.31
CCOC(=O)N1CCC(c2ccccc2OC)(S(=O)(=O)c2ccc(OC)cc2)CC1,4.3
CCOC(=O)N1CCC(c2ccccc2)(S(=O)(=O)c2ccc(OC)cc2)CC1,4.01
CCOC(=O)N1CCC(c2ccccc2C)(S(=O)(=O)c2ccc(OC)cc2)CC1,4.61
CCCNC(=O)OC[C@@H](C)N(c1cc(Cl)ccc1CO)S(=O)(=O)c1ccc(Cl)cc1,7.0
CC(C(=O)O)c1ccc(-c2ccc(Cl)c(Cl)c2)c(F)c1,4.12
CC(C(=O)O)c1ccc(-c2cc(Cl)cc(Cl)c2)c(F)c1,4.11
CC(C(=O)O)c1ccc(-c2cc(Cl)cc(Cl)c2)c(F)c1,4.03
CC(C(=O)O)c1ccc(-c2ccc(C3CCCCC3)cc2)c(F)c1,4.68
CC(C(=O)O)c1ccc(-c2ccc(C3CCCCC3)cc2)c(F)c1,4.34
CC(C(=O)O)c1ccc(-c2csc3ccccc23)c(F)c1,4.08
COc1ccc(-c2ccc(C(C)C(=O)O)cc2F)cc1,4.17
CC(C(=O)O)c1ccc(-c2ccc(OC3CCCCC3)cc2)c(F)c1,4.39
CC(C(=O)O)c1ccc(-c2ccc(-c3ccc(O)cc3)cc2)c(F)c1,4.46
O=C(O)C1(c2ccc(-c3ccc(C(F)(F)F)cc3)c(F)c2)CC1,4.66
O=C(O)C1(c2ccc(-c3ccc(Cl)c(Cl)c3)c(F)c2)CC1,4.39
O=C(O)C1(c2ccc(-c3ccc(Cl)c(Cl)c3)c(F)c2)CC1,4.85
O=C(O)C1(c2ccc(-c3csc4ccccc34)c(F)c2)CC1,4.02
CC1(C)CCC(c2ccc(-c3ccc(C4(C(=O)O)CC4)cc3F)cc2)CC1,4.34
CC(C)(C(=O)O)c1ccc(-c2ccc(C(F)(F)F)cc2)c(F)c1,4.15
O=C(O)C1(c2ccc(-c3ccc(-c4ccc(O)cc4)cc3)c(F)c2)CC1,4.5
O=C(O)C1(c2ccc(-c3ccc(-c4ccc(O)cc4)c(F)c3)c(F)c2)CC1,4.47
O=C(O)C1(c2ccc(-c3ccc(-c4ccc(F)cc4)c(F)c3)c(F)c2)CC1,4.24
CC1(C)CC(Oc2ccc(-c3ccc(C4(C(=O)O)CC4)cc3F)cc2)CC(C)(C)C1,4.96
O=C(O)C1(c2ccc(-c3ccc(OC4CCOCC4)cc3)c(F)c2)CC1,4.09
O=C(O)C1(c2ccc(-c3ccc(OC4CCC(C(F)(F)F)CC4)cc3)c(F)c2)CC1,4.75
CC(C(N)=O)c1ccc(-c2cc(Cl)cc(Cl)c2)c(F)c1,4.19
CC(C(N)=O)c1ccc(-c2cc(Cl)cc(Cl)c2)c(F)c1,4.92
CC(C(=O)OC(C)(C)C)c1ccc(-c2cc(Cl)cc(Cl)c2)c(F)c1,4.7
Nc1ccc(/C=C/c2ccc(O)cc2)cc1,7.02
Nc1ccc(/C=C/c2ccc(OCC(CO)CF)cc2)cc1,7.82
CN(C)c1ccc(/C=C/c2ccc(O)cc2)cc1,8.96
CN(C)c1ccc(/C=C/c2ccc(OCC3COC(C)(C)OC3)cc2)cc1,7.23
CN(C)c1ccc(/C=C/c2ccc(OCC(CO)CO)cc2)cc1,7.42
COc1ccc(S(=O)(=O)OCC(CO)COc2ccc(/C=C/c3ccc(N(C)C)cc3)cc2)cc1,6.82
CN(C)c1ccc(/C=C/c2ccc(OCC(CO)C[18F])cc2)cc1,7.82
CN(C)c1ccc(/C=C/c2ccc(OCC(CO)Cc3ccc(Br)cc3)cc2)cc1,7.1
CNc1ccc(/C=C/c2ccc(O)cc2)cc1,8.92
CNc1ccc(/C=C/c2ccc(OCC(CO)CO)cc2)cc1,7.49
CNc1ccc(/C=C/c2ccc(OCC(CO)C[18F])cc2)cc1,8.3
[3H]N(c1ccc(-c2nc3ccc(O)cc3s2)cc1)C([3H])([3H])[3H],8.55
CCCN(CCC)C(=O)c1cccc(C(=O)N[C@@H](Cc2ccccc2)[C@@H](N)C[C@@H](C)C(=O)N[C@H](C(=O)NCc2ccccc2)C(C)C)c1,8.28
CCCN(CCC)C(=O)c1cccc(C(=O)N[C@@H](CC(C)C)[C@@H](N)C[C@@H](C)C(=O)Nc2ccc(F)cc2)c1,5.22
CCCN(CCC)C(=O)c1cccc(C(=O)N[C@@H](CC(C)C)[C@H](N)C[C@@H](C)C(=O)N[C@H](C(=O)NCc2ccccc2)C(C)C)c1,5.0
CCCN(CCC)C(=O)c1cccc(C(=O)N[C@@H](CC(C)C)[C@@H](N)C[C@@H](C)C(=O)N[C@H](C(=O)NCc2ccccc2)C(C)C)c1,6.13
CCCN(CCC)C(=O)c1cccc(C(=O)N[C@@H](Cc2ccccc2)[C@@H](N)C[C@@H](C)C(=O)Nc2ccc(F)cc2)c1,6.75
COc1ccccc1-c1ccc(-c2ccccc2OC)s1,6.2
CNc1ccc(-c2ccc(-c3ccc(O)cc3)s2)cc1,7.51
Oc1ccc(-c2ccc(-c3ccc(NCCF)cc3)s2)cc1,8.41
COc1ccc(-c2ccc(-c3ccc(NCCF)cc3)s2)cc1,7.67
CN(C)c1ccc(-c2ccc(-c3ccc(O)cc3)s2)cc1,8.12
COc1ccc(-c2ccc(-c3ccc(N(C)C)cc3)s2)cc1,6.3
Nc1ccc(-c2ccc(-c3ccc(O)cc3)s2)cc1,8.02
COc1ccc(-c2ccc(-c3ccc(N)cc3)s2)cc1,8.25
COc1ccc(-c2ccc(-c3ccc([N+](=O)[O-])cc3)s2)cc1,7.73
Nc1ccc(-c2ccc(-c3ccc(N)cc3)s2)cc1,8.21
COc1ccc(-c2ccc(-c3ccc(O)cc3)s2)cc1,8.21
Oc1ccc(-c2ccc(-c3ccc(O)cc3)s2)cc1,8.4
COc1ccc(-c2ccc(-c3ccc(OC)cc3)s2)cc1,6.97
O=[N+]([O-])c1ccc(-c2ccc(-c3ccc([N+](=O)[O-])cc3)s2)cc1,6.73
CCC[C@H](C(=O)NO)[C@@H](CC(C)C)C(=O)N[C@H]1CCCCN(Cc2cccc(Oc3ccccc3)c2)C1=O,6.7
CCC[C@H](C(=O)NO)[C@@H](CC(C)C)C(=O)N[C@H]1CCCCN(Cc2ccccc2)C1=O,5.17
CCC[C@H](C(=O)NC/C=C/Cc1ccccc1)[C@@H](CC(C)C)C(=O)N[C@H]1CCCCN(Cc2cccc(Oc3ccccc3)c2)C1=O,5.52
CCC[C@H](C(=O)NC1CCCC1)[C@@H](CC(C)C)C(=O)N[C@H]1CCCCN(Cc2cccc(Oc3ccccc3)c2)C1=O,5.22
CCC[C@H](C(=O)NCc1ccco1)[C@@H](CC(C)C)C(=O)N[C@H]1CCCCN(Cc2cccc(Oc3ccccc3)c2)C1=O,5.52
CCCCNC(=O)[C@@H](CCC)[C@@H](CC(C)C)C(=O)N[C@H]1CCCCN(Cc2cccc(Oc3ccccc3)c2)C1=O,5.3
CCC[C@H](C(N)=O)[C@@H](CC(C)C)C(=O)N[C@H]1CCCCN(Cc2cccc(NN3CCCCC3)c2)C1=O,7.13
CCC[C@H](C(N)=O)[C@@H](CC(C)C)C(=O)N[C@H]1CCCCN(Cc2cccc(Nc3ccc(C(F)(F)F)cc3)c2)C1=O,7.52
CCC[C@H](C(N)=O)[C@@H](CC(C)C)C(=O)N[C@H]1CCCCN(Cc2cccc(Nc3ccc(OC)cc3)c2)C1=O,6.8
CCC[C@H](C(N)=O)[C@@H](CC(C)C)C(=O)N[C@H]1CCCCN(Cc2cccc(Nc3ccc(F)c(Cl)c3)c2)C1=O,7.77
CCC[C@H](C(N)=O)[C@@H](CC(C)C)C(=O)N[C@H]1CCCCN(Cc2cccc(Nc3ccc4c(c3)OCO4)c2)C1=O,6.82
CCC[C@H](C(N)=O)[C@@H](CC(C)C)C(=O)N[C@H]1CCCCN(Cc2cccc(Nc3cccc(OC)c3)c2)C1=O,7.27
CCC[C@H](C(N)=O)[C@@H](CC(C)C)C(=O)N[C@H]1CCCCN(Cc2cccc(Nc3cccc(C)c3)c2)C1=O,7.77
CCC[C@H](C(N)=O)[C@@H](CC(C)C)C(=O)N[C@H]1CCCCN(Cc2cccc(Nc3ccccc3Cl)c2)C1=O,7.54
CCC[C@H](C(N)=O)[C@@H](CC(C)C)C(=O)N[C@H]1CCCCN(Cc2cccc(Nc3ccccc3)c2)C1=O,7.82
COc1ccc2oc(-c3ccc(N)cc3)cc2c1,8.64
CNc1ccc(-c2nc3ccc(O)cc3s2)cc1,8.37
CNc1ccc(/C=C/c2ccc(O)cc2)cc1,8.22
CN(C)c1ccc(-c2cc3cc(O)ccc3o2)cc1,8.55
COc1ccc2oc(-c3ccc(N(C)C)cc3)cc2c1,7.92
CNc1ccc(-c2cc3cc(O)ccc3o2)cc1,9.15
CNc1ccc(-c2cc3cc(OC)ccc3o2)cc1,8.89
Nc1ccc(-c2cc3cc(O)ccc3o2)cc1,7.94
COc1ccc(/C=C/c2ccc(/C=C/c3ccc(OC)c(C(=O)O)c3)c(I)c2)cc1C(=O)O,8.29
Nc1ccc(/C=C/C=C/C=C/c2ccc(NCCF)cc2)cc1,6.66
CNc1ccc(/C=C/C=C/C=C/c2ccc(NC)cc2)cc1,6.91
Nc1ccc(/C=C/C=C/C=C/c2ccc(N)cc2)cc1,6.43
Oc1ccc(/C=C/C=C/C=C/c2ccc(O)cc2)cc1,6.82
CC(=C(C#N)C#N)c1ccc2cc(N(C)CCF)ccc2c1,6.82
CNc1ccc(-c2nc3ccc(O)cc3s2)cc1,8.55
CNc1ccc(/C=C/c2ccc(O)cc2)cc1,8.92
CN(C)c1ccc(-c2cn3cc(I)ccc3n2)cc1,8.3
Nc1ccc(/C=C/C=C/C=C/c2ccc(NCCF)cc2)cc1,7.92
CN(C)c1ccc(/C=C/C=C/C=C/c2ccc(N(C)C)cc2)cc1,6.08
CNc1ccc(/C=C/C=C/C=C/c2ccc(NC)cc2)cc1,8.12
Nc1ccc(/C=C/C=C/C=C/c2ccc(N)cc2)cc1,8.05
O=[N+]([O-])c1ccc(/C=C/C=C/C=C/c2ccc([N+](=O)[O-])cc2)cc1,6.3
Oc1ccc(/C=C/C=C/C=C/c2ccc(O)cc2)cc1,8.05
CN(C)c1ccc(-c2cn3cc(I)ccc3n2)cc1,7.99
CN(C)c1ccc(-c2cn3cc(CCF)ccc3n2)cc1,6.75
CN(C)c1ccc(-c2cn3cc(CCCF)ccc3n2)cc1,7.32
[11CH3]Nc1ccc(-c2nc3ccc(O)cc3s2)cc1,8.11
COc1cc(/C=C/C(C)=O)ccc1O,7.25
COc1cc(/C=C/C(O)=C/C(C)=O)cc(I)c1O,7.6
COc1cc(/C=C/C(O)=C/C(C)=O)ccc1OCCCF,6.5
COc1cc(/C=C/C(O)=C/C(C)=O)ccc1OCCF,6.02
COc1cc(/C=C/C(C)=O)ccc1OCCCF,6.08
COc1cc(/C=C/C(C)=O)ccc1OCCF,6.63
COc1cc(/C=C/C(C)=O)cc(I)c1O,7.44
COc1cc(/C=C/C(C)=O)ccc1O,7.27
O=C(O)c1cc(/N=N/c2ccc(-c3ccc(/N=N/c4ccc(O)c(C(=O)O)c4)cc3)cc2)ccc1O,9.8
COc1cc(/C=C/C(O)=C/C(=O)/C=C/c2ccc(OCCCF)c(OC)c2)ccc1O,10.15
COc1cc(/C=C/C(O)=C/C(=O)/C=C/c2cc(I)c(O)c(OC)c2)ccc1O,8.03
COc1cc(/C=C/C(C)=O)cc(I)c1O,7.7
COc1cc(/C=C/C(=O)/C=C(O)/C=C/c2ccc(O)c(OC)c2)ccc1O,9.68
CNc1ccc(-c2cc(=O)c3cc(I)ccc3o2)cc1,7.65
CNc1ccc(-c2cc(=O)c3cc(I)ccc3o2)cc1,7.52
O=c1cc(-c2ccc(O)cc2)oc2ccc(I)cc12,7.14
COc1ccc(-c2cc(=O)c3cc(I)ccc3o2)cc1,7.54
CN(C)c1ccc(-c2cc(=O)c3cc(I)ccc3o2)cc1,7.88
O=c1cc(-c2ccc(O)cc2)oc2ccc(I)cc12,7.11
COc1ccc(-c2cc(=O)c3cc(I)ccc3o2)cc1,7.42
CN(C)c1ccc(-c2cc(=O)c3cc(I)ccc3o2)cc1,7.81
CN(C)c1ccc(/C=C/c2cnc(OCCOCCOCCF)c(Br)c2)cc1,8.17
OCCOc1ncc(/C=C/c2ccc(O)cc2)cc1I,7.81
CNc1ccc(/C=C/c2cnc(OCCO)c(I)c2)cc1,8.07
CN(C)c1ccc(/C=C/c2cnc(OCCO)c(I)c2)cc1,8.12
OCCOc1ncc(/C=C\c2ccc(O)cc2)cc1Br,8.17
CNc1ccc(/C=C/c2cnc(OCCO)c(Br)c2)cc1,8.3
CN(C)c1ccc(/C=C/c2cnc(OCCO)c(Br)c2)cc1,8.44
Oc1ccc(/C=C/c2cnc(OCCOCCOCCF)c(I)c2)cc1,7.68
CNc1ccc(/C=C/c2cnc(OCCOCCOCCF)c(I)c2)cc1,8.05
CN(C)c1ccc(/C=C/c2cnc(OCCOCCOCCF)c(I)c2)cc1,8.12
Oc1ccc(/C=C/c2cnc(OCCOCCOCCF)c(Br)c2)cc1,7.85
CNc1ccc(/C=C/c2cnc(OCCOCCOCCF)c(Br)c2)cc1,8.35
C(#Cc1ccccc1)c1ccccc1,6.76
CN(C)c1ccc(C#Cc2ccc(OCCOCCOCCO)cc2)cc1,8.47
CNc1ccc(C#Cc2ccc(OCCOCCOCCO)cc2)cc1,8.35
Nc1ccc(C#Cc2ccc(OCCOCCOCCO)cc2)cc1,7.17
Oc1ccc(C#Cc2ccc(OCCOCCOCCF)cc2)cc1,7.78
CN(C)c1ccc(C#Cc2ccc(OCCOCCOCCF)cc2)cc1,8.54
CNc1ccc(C#Cc2ccc(OCCOCCOCCF)cc2)cc1,8.72
Nc1ccc(C#Cc2ccc(OCCOCCOCCF)cc2)cc1,7.67
CN(C)c1ccc(C#Cc2ccc(OCCOCCO)cc2)cc1,8.42
CNc1ccc(C#Cc2ccc(OCCOCCO)cc2)cc1,8.51
CN(C)c1ccc(C#Cc2ccc(OCCOCCF)cc2)cc1,8.3
CNc1ccc(C#Cc2ccc(OCCOCCF)cc2)cc1,8.92
Nc1ccc(C#Cc2ccc(OCCOCCF)cc2)cc1,7.92
COc1ccc(C#Cc2ccc(N)cc2)cc1,8.54
Nc1ccc(C#Cc2ccc(N)cc2)cc1,7.12
COc1ccc(C#Cc2ccc(O)cc2)cc1,8.54
CNc1ccc(C#Cc2ccc(O)cc2)cc1,8.82
Nc1ccc(C#Cc2ccc(O)cc2)cc1,6.97
CN1CCCC1CCNC(=O)OCCC1CCc2ccccc2N1S(=O)(=O)c1ccc(Cl)cc1,6.28
O=C(OC[C@H]1CCC[C@@H](c2ccccc2)N1S(=O)(=O)c1ccc(Cl)cc1)N1CCC(N2CCCCC2)CC1,7.8
O=C(OC[C@H]1CC[C@@H](c2ccccc2)N1S(=O)(=O)c1ccc(Cl)cc1)N1CCC(N2CCCCC2)CC1,6.75
O=C(NC1CCN(Cc2ccccc2)CC1)OC[C@H]1CC[C@@H](c2ccccc2)N1S(=O)(=O)c1ccc(Cl)cc1,6.85
O=C(OC[C@H]1CC[C@@H](c2ccccc2)N1S(=O)(=O)c1ccc(Cl)cc1)N1CCN(C2CCCCC2)CC1,6.92
O=C(OC[C@H]1CC[C@@H](c2ccccc2)N1S(=O)(=O)c1ccc(Cl)cc1)N1CCN(CCO)CC1,6.27
CN1CCN(C(=O)OC[C@H]2CC[C@@H](c3ccccc3)N2S(=O)(=O)c2ccc(Cl)cc2)CC1,6.35
O=C(NCCCn1ccnc1)OC[C@H]1CC[C@@H](c2ccccc2)N1S(=O)(=O)c1ccc(Cl)cc1,6.19
CN1CCCC1CCNC(=O)OC[C@H]1CC[C@@H](c2ccccc2)N1S(=O)(=O)c1ccc(Cl)cc1,6.22
O=C(OCC1CCc2ccccc2N1S(=O)(=O)c1ccc(Cl)cc1)N1CCC(N2CCCCC2)CC1,7.14
O=C(OCCCC1CCc2ccccc2N1S(=O)(=O)c1ccc(Cl)cc1)N1CCC(N2CCCCC2)CC1,7.22
O=C(OCCC1CCc2ccccc2N1S(=O)(=O)c1ccc(Cl)cc1)N1CCC(N2CCCCC2)CC1,6.44
O=C(NC1CCN(Cc2ccccc2)CC1)OCCCC1CCc2ccccc2N1S(=O)(=O)c1ccc(Cl)cc1,6.72
O=C(NC1CCN(Cc2ccccc2)CC1)OCCC1CCc2ccccc2N1S(=O)(=O)c1ccc(Cl)cc1,6.05
O=C(OCCCC1CCc2ccccc2N1S(=O)(=O)c1ccc(Cl)cc1)N1CCN(C2CCCCC2)CC1,6.75
O=C(OCCC1CCc2ccccc2N1S(=O)(=O)c1ccc(Cl)cc1)N1CCN(C2CCCCC2)CC1,6.0
O=C(OCCCC1CCc2ccccc2N1S(=O)(=O)c1ccc(Cl)cc1)N1CCN(CCO)CC1,6.17
O=C(OCCC1CCc2ccccc2N1S(=O)(=O)c1ccc(Cl)cc1)N1CCN(CCO)CC1,6.06
CN1CCN(C(=O)OCCCC2CCc3ccccc3N2S(=O)(=O)c2ccc(Cl)cc2)CC1,6.11
CN1CCN(C(=O)OCCC2CCc3ccccc3N2S(=O)(=O)c2ccc(Cl)cc2)CC1,5.72
O=C(NCCCn1ccnc1)OCCCC1CCc2ccccc2N1S(=O)(=O)c1ccc(Cl)cc1,7.07
O=C(NCCCn1ccnc1)OCCC1CCc2ccccc2N1S(=O)(=O)c1ccc(Cl)cc1,6.55
CN1CCCC1CCNC(=O)OCCCC1CCc2ccccc2N1S(=O)(=O)c1ccc(Cl)cc1,6.66
CN(C)c1ccc(-c2cn3cc(I)ccc3n2)cc1,8.05
CN(CCCF)c1ccc(-c2cn3cc(I)ccc3n2)cc1,7.39
CN(CCF)c1ccc(-c2cn3cc(I)ccc3n2)cc1,7.51
CN(C)c1ccc(-c2cn3cc(SCCO)ccc3n2)cc1,7.06
COc1ccc(CSc2ccc3nc(-c4ccc(N(C)C)cc4)cn3c2)cc1,8.08
CN(C)c1ccc(-c2cn3cc(SCC(N)=O)ccc3n2)cc1,6.41
CNc1ccc(-c2cn3cc(SCCO)ccc3n2)cc1,6.19
CNc1ccc(-c2cn3cc(SCC(N)=O)ccc3n2)cc1,5.74
Cc1cc(-c2cn3cc(Br)ccc3n2)ccc1N,6.18
CNc1ccc(-c2cn3cc(Br)ccc3n2)cc1Br,8.13
CN(C)c1ccc(-c2cn3cc(O)ccc3n2)cc1,6.75
CN(C)c1ccc(-c2cn3cc(Br)cc(I)c3n2)cc1,6.74
CCSc1ccc2nc(-c3ccc(N(C)C)cc3)cn2c1,8.08
COc1ccc2nc(-c3ccc(N(C)C)cc3)cn2c1,7.42
CN(C)c1ccc(-c2cn3cc([N+](=O)[O-])ccc3n2)cc1,8.12
CN(C)c1ccc(-c2cn3cc(C#N)ccc3n2)cc1,8.09
CN(C)c1ccc(-c2cn3cc(F)ccc3n2)cc1,7.89
CN(C)c1ccc(-c2cn3cc(Cl)ccc3n2)cc1,7.62
CN(C)c1ccc(-c2cn3cc(Br)ccc3n2)cc1,8.23
CN(C)c1ccc(-c2cn3cc(Cl)ncc3n2)cc1,7.06
CN(C)c1ccc(-c2cn3cc(Cl)cnc3n2)cc1,6.83
[11CH3]Nc1ccc(-c2nc3ccc(O)cc3s2)cc1,7.72
Nc1ccc(-c2nc3ccc(-c4nc5ccccc5s4)cc3s2)cc1I,7.68
CN(C)c1ccc(-c2nc3ccc(-c4nc5ccc(F)cc5s4)cc3s2)cc1,7.64
CNc1ccc(-c2nc3ccc(-c4nc5ccc(F)cc5s4)cc3s2)cc1,7.57
CNc1ccc(-c2nc3ccc(-c4nc5ccc(Cl)cc5s4)cc3s2)cc1,8.17
CNc1ccc(-c2nc3ccc(-c4nc5ccccc5s4)cc3s2)cc1,7.66
COc1ccc2nc(-c3ccc4nc(-c5ccc(N)cc5)sc4c3)sc2c1,7.6
Nc1ccc(-c2nc3ccc(-c4nc5ccc(F)cc5s4)cc3s2)cc1,7.44
Nc1ccc(-c2nc3ccc(-c4nc5ccc(Cl)cc5s4)cc3s2)cc1,7.47
Nc1ccc(-c2nc3ccc(-c4nc5ccccc5s4)cc3s2)cc1,7.6
CN(C)c1ccc(C#Cc2cnc(OCCOCCOCCF)c(I)c2)cc1,7.78
OCCOc1ncc(C#Cc2ccc(O)cc2)cc1I,8.21
CNc1ccc(C#Cc2cnc(OCCO)c(I)c2)cc1,7.9
CNc1ccc(C#Cc2cnc(OCCO)c(Br)c2)cc1,8.8
CNc1ccc(C#Cc2cnc(OCCOCCOCCF)c(Br)c2)cc1,7.88
CN(C)c1ccc(C#Cc2cnc(OCCO)c(Br)c2)cc1,8.17
CN(C)c1ccc(C#Cc2cnc(OCCOCCOCCF)c(Br)c2)cc1,7.95
CN(C)c1ccc(C#Cc2cnc(OCCO)c(I)c2)cc1,8.04
O=C(OC1([C@H]2CCC[C@@H](c3cc(F)cc(F)c3)N2S(=O)(=O)c2ccc(Cl)cc2)CC1)N1CCC(N2CCCCC2)CC1,9.52
CC[C@@H]1CCC[C@H](C2(OC(=O)N3CC[C@@H](O)C3)CC2)N1S(=O)(=O)c1ccc(Cl)cc1,7.25
CCC[C@@H]1CCC[C@H](C2(OC(=O)N3CC[C@@H](O)C3)CC2)N1S(=O)(=O)c1ccc(Cl)cc1,7.33
O=C(OC1([C@H]2CCC[C@@H](C3CC3)N2S(=O)(=O)c2ccc(Cl)cc2)CC1)N1CC[C@@H](O)C1,7.34
O=C(OC1([C@H]2CCC[C@@H](c3cc(F)cc(F)c3)N2S(=O)(=O)c2ccc(Cl)cc2)CC1)N1CC[C@@H](O)C1,7.77
O=C(OC1([C@H]2CCC[C@@H](CC(F)(F)F)N2S(=O)(=O)c2ccc(Cl)cc2)CC1)N1CCN(CCO)CC1,7.85
CC[C@@H]1CCC[C@H](C2(OC(=O)N3CCN(CCO)CC3)CC2)N1S(=O)(=O)c1ccc(Cl)cc1,7.92
O=C(OC1([C@H]2CCC[C@@H](C3CC3)N2S(=O)(=O)c2ccc(Cl)cc2)CC1)N1CCN(CCO)CC1,7.57
O=C(OC1([C@H]2CCC[C@@H](CC(F)(F)F)N2S(=O)(=O)c2ccc(Cl)cc2)CC1)N1CCC(N2CCCCC2)CC1,8.46
CC[C@@H]1CCC[C@H](C2(OC(=O)N3CCC(N4CCCCC4)CC3)CC2)N1S(=O)(=O)c1ccc(Cl)cc1,8.46
CCC[C@@H]1CCC[C@H](C2(OC(=O)N3CCC(N4CCCCC4)CC3)CC2)N1S(=O)(=O)c1ccc(Cl)cc1,8.6
O=C(OC1([C@H]2CCC[C@@H](C3CC3)N2S(=O)(=O)c2ccc(Cl)cc2)CC1)N1CCC(N2CCCCC2)CC1,8.55
O=C(OC1([C@H]2CCC[C@@H](c3cc(F)cc(F)c3)N2S(=O)(=O)c2ccc(Cl)cc2)CC1)N1CCN(CCO)CC1,8.62
CC(C)(CO)N1CCN(C(=O)OC2([C@H]3CCC[C@@H](C4CC4)N3S(=O)(=O)c3ccc(Cl)cc3)CC2)CC1,7.92
O=C(OC1([C@H]2CCC[C@@H](C3CC3)N2S(=O)(=O)c2ccc(Cl)cc2)CC1)N1CCN(CCCO)CC1,7.8
CC[C@@H]1CCC[C@H](C2(OC(=O)N3CCC(N4CCCCC4)CC3)CC2)N1S(=O)(=O)c1cc(F)cc(F)c1,7.54
CC[C@@H]1CCC[C@H](C2(OC(=O)N3CCN(C(C)(C)CO)CC3)CC2)N1S(=O)(=O)c1cc(F)cc(F)c1,7.09
CC[C@@H]1CCC[C@H](C2(OC(=O)N3CCC(N4CCCCC4)CC3)CC2)N1S(=O)(=O)c1ccc(F)c(F)c1,8.16
CC[C@@H]1CCC[C@H](C2(OC(=O)N3CC4CCC(C3)N4CCO)CC2)N1S(=O)(=O)c1ccc(F)c(F)c1,7.57
CC[C@@H]1CCC[C@H](C2(OC(=O)N3CCN(C(C)(C)CO)CC3)CC2)N1S(=O)(=O)c1ccc(F)c(F)c1,8.02
CC[C@@H]1CCC[C@H](C2(OC(=O)N3CCC(N4CCCCC4)CC3)CC2)N1S(=O)(=O)c1ccc(F)cc1,7.8
CC[C@@H]1CCC[C@H](C2(OC(=O)N3CC4CCC(C3)N4CCO)CC2)N1S(=O)(=O)c1ccc(F)cc1,7.6
CC[C@@H]1CCC[C@H](C2(OC(=O)N3CCN(C(C)(C)CO)CC3)CC2)N1S(=O)(=O)c1ccc(F)cc1,8.0
CC[C@@H]1CCC[C@H](C2(OC(=O)N3CC4CCC(C3)N4CCO)CC2)N1S(=O)(=O)c1ccc(Cl)cc1,8.46
CC[C@@H]1CCC[C@H](C2(OC(=O)N3CCN(C(C)(C)CO)CC3)CC2)N1S(=O)(=O)c1ccc(Cl)cc1,8.16
CC[C@@H]1CCC[C@H](C2(OC(=O)N3CCN(CCCO)CC3)CC2)N1S(=O)(=O)c1ccc(Cl)cc1,7.77
CC[C@@H]1CCC[C@H](C2(OC(=O)N3CCN(CCO)C[C@@H]3C)CC2)N1S(=O)(=O)c1ccc(Cl)cc1,7.92
CC[C@@H]1CCC[C@H](C2(OC(=O)N3CCN(CCO)[C@@H](C)C3)CC2)N1S(=O)(=O)c1ccc(Cl)cc1,7.89
CC[C@@H]1CCC[C@H](C2(OC(=O)N3CCC(CCO)(OC)CC3)CC2)N1S(=O)(=O)c1ccc(Cl)cc1,8.05
CCCC1(O)CCN(C(=O)OC2([C@H]3CCC[C@@H](CC)N3S(=O)(=O)c3ccc(Cl)cc3)CC2)C1,7.55
CC[C@@H]1CCC[C@H](C2(OC(=O)N3CCC(O)(CC)CC3)CC2)N1S(=O)(=O)c1ccc(Cl)cc1,8.49
CCC1(O)CCN(C(=O)O[C@H]2CCC3CCCC2N3S(=O)(=O)c2ccc(Cl)cc2)CC1,6.98
CC(C)(CO)N1CCN(C(=O)O[C@H]2CCC3CCCC2N3S(=O)(=O)c2ccc(Cl)cc2)CC1,7.24
O=C(O[C@@H]1CCC2CCCC1N2S(=O)(=O)c1ccc(Cl)cc1)N1CCC(N2CCCCC2)CC1,5.62
O=C(O[C@H]1CCC2CCCC1N2S(=O)(=O)c1ccc(Cl)cc1)N1CCC(N2CCCCC2)CC1,7.82
CC[C@@H]1CCC[C@H](C2(OC(=O)N3CCC(O)(CC)CC3)CC2)N1S(=O)(=O)c1ccc(Cl)cc1,8.37
CC(C)(CO)N1CCN(C(=O)OC2([C@H]3CCC[C@@H](C4CC4)N3S(=O)(=O)c3ccc(Cl)cc3)CC2)CC1,7.41
O=C(OC1([C@H]2CCC[C@@H](C3CC3)N2S(=O)(=O)c2ccc(Cl)cc2)CC1)N1CCN(CCCO)CC1,7.5
CC[C@@H]1CCC[C@H](C2(OC(=O)N3CCC(N4CCCCC4)CC3)CC2)N1S(=O)(=O)c1cc(F)cc(F)c1,6.84
CC[C@@H]1CCC[C@H](C2(OC(=O)N3CCC(N4CCCCC4)CC3)CC2)N1S(=O)(=O)c1ccc(F)c(F)c1,7.35
CC[C@@H]1CCC[C@H](C2(OC(=O)N3CCN(C(C)(C)CO)CC3)CC2)N1S(=O)(=O)c1ccc(F)c(F)c1,7.7
CC[C@@H]1CCC[C@H](C2(OC(=O)N3CCC(N4CCCCC4)CC3)CC2)N1S(=O)(=O)c1ccc(F)cc1,6.94
CC[C@@H]1CCC[C@H](C2(OC(=O)N3CCN(C(C)(C)CO)CC3)CC2)N1S(=O)(=O)c1ccc(F)cc1,7.6
CC[C@@H]1CCC[C@H](C2(OC(=O)N3CC4CCC(C3)N4CCO)CC2)N1S(=O)(=O)c1ccc(Cl)cc1,8.11
CC[C@@H]1CCC[C@H](C2(OC(=O)N3CCN(C(C)(C)CO)CC3)CC2)N1S(=O)(=O)c1ccc(Cl)cc1,8.08
CC[C@@H]1CCC[C@H](C2(OC(=O)N3CCN(CCCO)CC3)CC2)N1S(=O)(=O)c1ccc(Cl)cc1,7.82
CC[C@@H]1CCC[C@H](C2(OC(=O)N3CCN(CCO)C[C@@H]3C)CC2)N1S(=O)(=O)c1ccc(Cl)cc1,7.85
CC[C@@H]1CCC[C@H](C2(OC(=O)N3CCN(CCO)[C@@H](C)C3)CC2)N1S(=O)(=O)c1ccc(Cl)cc1,8.0
CC[C@@H]1CCC[C@H](C2(OC(=O)N3CCC(CCO)(OC)CC3)CC2)N1S(=O)(=O)c1ccc(Cl)cc1,7.7
CCCC1(O)CCN(C(=O)OC2([C@H]3CCC[C@@H](CC)N3S(=O)(=O)c3ccc(Cl)cc3)CC2)C1,6.72
COc1ccc(/C=C/c2cccc(/C=C/c3ccc(OC)c(N)c3)n2)cc1N,6.22
O=C(O)c1cc(/C=C/c2ccc(/C=C/c3ccc(O)c(C(=O)O)c3)c(I)c2)ccc1O,5.1
CN(C)c1ccc2cc3ccc(N(C)C)cc3nc2c1,6.22
COc1cc(/C=C/C(=O)/C=C(O)/C=C/c2ccc(O)c(OC)c2)ccc1O,6.1
COc1cc(/C=C/c2cc(Br)cc(/C=C/c3ccc(O)c(OC)c3)c2)ccc1O,7.0
COc1ccc(/C=C/c2cc(Br)cc(/C=C/c3ccc(OC)c(OC)c3)c2)cc1OC,4.7
COc1cc(/C=C/c2cc(Br)cc(/C=C/c3ccc(N)c(OC)c3)c2)ccc1N,5.75
CN(C)c1cc(/C=C/c2cccc(/C=C/c3ccc(O)c(N(C)C)c3)c2)ccc1O,5.57
COc1ccc(/C=C/c2cccc(/C=C/c3ccc(OC)c(N(C)C)c3)c2)cc1N(C)C,5.96
CNc1cc(/C=C/c2cccc(/C=C/c3ccc(OC)c(NC)c3)c2)ccc1OC,5.89
COc1ccc(/C=C/c2cccc(/C=C/c3ccc(OC)c(N)c3)c2)cc1N,6.52
CN(C)c1ccc(/C=C/c2cccc(/C=C/c3ccc(N(C)C)c(O)c3)c2)cc1O,6.16
COc1cc(/C=C/c2cccc(/C=C/c3ccc(N(C)C)c(OC)c3)c2)ccc1N(C)C,6.0
CNc1ccc(/C=C/c2cccc(/C=C/c3ccc(NC)c(OC)c3)c2)cc1OC,6.22
COc1cc(/C=C/c2cccc(/C=C/c3ccc(N)c(OC)c3)c2)ccc1N,6.22
COc1cc(/C=C/c2cc(N(C)C)cc(/C=C/c3ccc(O)c(OC)c3)n2)ccc1O,5.72
COc1cc(/C=C/c2cc(C)cc(/C=C/c3ccc(O)c(OC)c3)n2)ccc1O,5.85
COc1cc(/C=C/c2ccc(O)c(OC)c2)nc(/C=C/c2ccc(O)c(OC)c2)c1,5.77
COc1cc(/C=C/c2cc(Cl)cc(/C=C/c3ccc(O)c(OC)c3)n2)ccc1O,5.96
COc1cc(/C=C/c2cc(Br)cc(/C=C/c3ccc(O)c(OC)c3)n2)ccc1O,5.96
COc1cc(/C=C/c2cccc(/C=C/c3ccc(O)c(OC)c3)n2)ccc1O,6.1
COc1cc(/C=C/c2cc(Br)cc(/C=C/c3ccc(N)c(OC)c3)n2)ccc1N,5.96
CN(C)c1ccc(/C=C/c2cccc(/C=C/c3ccc(N(C)C)c(O)c3)n2)cc1O,6.05
COc1cc(/C=C/c2cccc(/C=C/c3ccc(N(C)C)c(OC)c3)n2)ccc1N(C)C,6.1
CNc1ccc(/C=C/c2cccc(/C=C/c3ccc(NC)c(O)c3)n2)cc1O,6.05
CNc1ccc(/C=C/c2cccc(/C=C/c3ccc(NC)c(OC)c3)n2)cc1OC,6.3
COc1cc(/C=C/c2cccc(/C=C/c3ccc(N)c(OC)c3)n2)ccc1N,6.16
CN(C)c1cc(/C=C/c2cccc(/C=C/c3ccc(O)c(N(C)C)c3)n2)ccc1O,5.64
COc1ccc(/C=C/c2cccc(/C=C/c3ccc(OC)c(N(C)C)c3)n2)cc1N(C)C,6.05
CNc1cc(/C=C/c2cccc(/C=C/c3ccc(O)c(NC)c3)n2)ccc1O,6.3
CNc1cc(/C=C/c2cccc(/C=C/c3ccc(OC)c(NC)c3)n2)ccc1OC,5.96
CN(C)c1ccc(-c2cn3cc(I)ccc3n2)cc1,8.05
CNc1ccc(-c2nc3ccc(O)cc3s2)cc1,8.14
CSc1ccc2nc(-c3ccc(N)cc3)cn2c1,6.42
COC(=O)CCSc1ccc2nc(-c3ccc(N(C)C)cc3)cn2c1,6.69
CSc1ccc2nc(-c3ccc(N(C)C)cc3)cn2c1,8.1
CNc1ccc(-c2cn3cc(SC)ccc3n2)cc1,7.1
CNc1ccc(-c2nc3c(O)cccc3s2)cc1,7.73
CNc1ccc(-c2nc3ccc(O)cc3s2)cc1,8.55
CNc1ccc(-c2nc3cccc(O)c3s2)cc1,7.95
CNc1ccc(-c2nc3cc(O)ccc3s2)cc1,7.94
FCCOCCOCCOc1ccc(C#Cc2ccc3c(c2)CCN3)cc1,8.4
FCCOCCOCCOc1ccc(C#Cc2ccc3[nH]ccc3c2)cc1,8.82
Cc1ccc2nc(-c3ccc(F)cc3)sc2c1,8.24
COc1ccc2nc(-c3ccc(F)cc3)sc2c1,8.66
Oc1ccc2nc(-c3ccc(F)cc3)sc2c1,7.65
Oc1cc(O)c2sc(-c3ccc(F)cc3)nc2c1,6.11
[11CH3]Nc1ccc(-c2nc3ccc(O)cc3s2)cc1,8.55
CCN(CCCCCCN1C(=O)c2ccc3c4c(ccc(c24)C1=O)C(=O)N(CCCCCCN(CC)Cc1ccccc1OC)C3=O)Cc1ccccc1OC,5.01
CN(C)c1ccc(/C=C/c2cc3ccccc3o2)cc1,5.64
COc1ccc2oc(/C=C/c3ccc(N(C)C)cc3)cc2c1,6.09
CN(C)c1ccc(/C=C/c2cc3cc(O)ccc3o2)cc1,6.8
Cc1ccc2oc(/C=C/c3ccc(N(C)C)cc3)cc2c1,6.89
CN(C)c1ccc(/C=C/c2cc3cc(F)ccc3o2)cc1,5.7
CN(C)c1ccc(/C=C/c2cc3cc(Cl)ccc3o2)cc1,6.7
CN(C)c1ccc(/C=C/c2cc3cc(Br)ccc3o2)cc1,6.33
CN(C)c1ccc(/C=C/c2cc3cc(I)ccc3o2)cc1,6.77
COc1ccc2cc(/C=C/c3ccc(N(C)C)cc3)oc2c1,7.16
CN(C)c1ccc(/C=C/c2cc3ccc(O)cc3o2)cc1,5.44
Cc1ccc2cc(/C=C/c3ccc(N(C)C)cc3)oc2c1,5.46
CN(C)c1ccc(/C=C/c2cc3ccc(F)cc3o2)cc1,5.66
CN(C)c1ccc(/C=C/c2cc3ccc(Cl)cc3o2)cc1,5.49
CN(C)c1ccc(/C=C/c2cc3ccc(Br)cc3o2)cc1,5.87
CN(C)c1ccc(/C=C/c2cc3ccc(I)cc3o2)cc1,5.55
COc1ccc2oc(/C=C/c3ccc(N)cc3)cc2c1,6.09
CNc1ccc(/C=C/c2cc3cc(OC)ccc3o2)cc1,7.1
Cl.Nc1ccc(/C=C/c2cc3cc(O)ccc3o2)cc1,5.53
CNc1ccc(/C=C/c2cc3cc(O)ccc3o2)cc1.Cl,5.67
COc1ccc2cc(/C=C/c3ccc(N)cc3)oc2c1,5.26
CNc1ccc(/C=C/c2cc3ccc(OC)cc3o2)cc1,6.1
COc1ccc2oc(/C=C/c3ccc(N(C)C)c(OC)c3)cc2c1,6.8
COc1ccc2cc(/C=C/c3ccc(N(C)C)c(OC)c3)oc2c1,6.28
COc1cc(/C=C/C(=O)/C=C(O)/C=C/c2ccc(O)c(OC)c2)ccc1O,6.1
O=C(O)c1cc(/C=C/c2ccc(/C=C/c3ccc(O)c(C(=O)O)c3)c(I)c2)ccc1O,5.1
[11CH3]Nc1ccc(-c2nc3ccc(O)cc3s2)cc1,8.55
O=[N+]([O-])c1ccc(-c2nc3ccccc3s2)cc1,8.05
Cc1ccc2nc(-c3ccc(F)cc3)sc2c1,8.24
Nc1ccc2nc(-c3ccc(F)cc3)sc2c1,8.0
CNc1ccc(-c2nc3ccc(O)cc3s2)cc1,8.55
CN(C)c1ccc2nc(-c3ccc(F)cc3)sc2c1,8.42
CNc1ccc2nc(-c3ccc(F)cc3)sc2c1,8.39
CC(=C(C#N)C#N)c1ccc2cc(N(C)CCF)ccc2c1,6.76
CNc1ccc(-c2nc3ccc(O)cc3s2)cc1,9.06
CNc1ccc(-c2nc3ccc(O)cc3s2)cn1,8.77
CNc1ccc(-c2nc3ccccc3s2)cc1,8.89
CN(C)c1ccc(-c2cn3cc(I)ccc3n2)cc1,8.89
CNc1ccc(-c2nc3ccc(O)cc3s2)cc1F,9.13
CNc1ccc(/C=C/c2ccc(OCCCCCCF)cc2)cc1,8.65
CNc1ccc(/C=C/c2ccc(OCCOCCOCC[18F])nc2)cc1,8.54
CN(C)c1ccc(/C=C/c2nc3ccccc3s2)cc1,8.64
CN(C)c1ccc(/C=C/c2ccccc2I)cc1,8.11
CN(C)c1ccc(/C=C/c2cccc(I)c2)cc1,8.35
CN(C)c1ccc(/C=C/c2ccc(I)cc2)cc1,8.7
CN(C)c1ccc(/C=C/c2ccc(F)cc2)cc1,7.66
COc1ccc(/C=C/c2cccc(I)c2)cc1,7.66
Oc1ccc(/C=C/c2cccc(I)c2)cc1,7.5
CNc1ccc(/C=C/c2ccc(O)cc2)cc1,8.62
CNc1ccc(/C=C/c2ccc(OCC(CO)CF)cc2)cc1,8.3
CNc1ccc(/C=C/c2ccc(OCCCCF)cc2)cc1,8.54
CNc1ccc(/C=C/c2ccc(OCCCCCCCCF)cc2)cc1,8.36
CNc1ccc(/C=C/c2ccc(OCCCCCCCCCCF)cc2)cc1,8.22
CNc1ccc(/C=C/c2ccc(OCCCCCCCCCCCCF)cc2)cc1,8.12
CNc1ccc(/C=C/c2ccc(OCCCCCCCCCCCCCCF)cc2)cc1,8.09
CNc1ccc(/C=C/c2ccc(OCCCCCCCCCCCCCCCCF)cc2)cc1,8.05
CNc1ccc(/C=C/c2ccc(OCCCCCCCCCCCCCCCCCCF)cc2)cc1,7.73
CNc1ccc(/C=C/c2ccc(OCCCCCCCCCCCCCCCCCCCCF)cc2)cc1,7.91
CNc1ccc(/C=C/c2ccc(OCCCCCCCCCCCCCCCCCCCCCCCCF)cc2)cc1,7.2
[3H]N(c1ccc(/C=C/c2ccc(O)cc2)cc1)C([3H])([3H])[3H],8.62
NC1=NC(c2ccccc2)(c2ccccc2)C2=NCCCN12,4.8
CN1C(=O)C(c2ccccc2)(c2ccccc2)N=C1N,5.38
CN1C(=O)C(c2ccccc2)(C2CCCCC2)N=C1N,6.09
CN1C(=O)C(C2CCCCC2)(C2CCCCC2)N=C1N,5.99
Cc1ccoc1C(=O)Nc1cccc(C2(C3CCCCC3)N=C(N)N(C)C2=O)c1,6.75
CN1C(=O)c2ccc(Nc3ccccc3)cc2C1=O,8.12
Cc1ccc(Nc2ccc3c(c2)C(=O)N(C)C3=O)cc1,8.39
CN1C(=O)c2ccc(Nc3ccc(Br)cc3)cc2C1=O,8.42
CN1C(=O)c2ccc(Nc3ccc(I)cc3)cc2C1=O,9.05
COc1ccc(Nc2ccc3c(c2)C(=O)N(C)C3=O)cc1,7.79
CN1C(=O)c2ccc(Nc3ccc(O)cc3)cc2C1=O,7.71
CN1C(=O)c2ccc(Nc3ccc([125I])cc3)cc2C1=O,9.68
[3H]N(c1ccc(-c2nc3ccc(O)cc3s2)cc1)C([3H])([3H])[3H],7.57
[3H]N(c1ccc(-c2nc3ccc(O)cc3s2)cn1)C([3H])([3H])[3H],7.24
[3H]N(c1ccc(-c2nc3ccc(OC)cc3s2)cn1)C([3H])([3H])[3H],7.24
[3H]C([3H])([3H])N(c1ccc(-c2nc3ccc(O)cc3s2)cn1)C([3H])([3H])[3H],7.72
COc1ccc2nc(-c3ccc(N(C)C)nc3)sc2c1,7.09
CNc1ccc(-c2nc3cc(O)ccc3s2)cn1,7.13
CN(C)c1ncc(-c2nc3ccc(O)cc3s2)cn1,7.39
CNc1ncc(-c2nc3ccc(O)cc3s2)cn1,6.57
CNc1ccc(-c2nc3ccc(C(N)=O)cc3s2)cn1,7.07
CNc1ccc2nc(-c3ccc(C(N)=O)nc3)sc2c1,7.46
[3H]N(c1ccc(-c2nc3ccc(O)cc3o2)cn1)C([3H])([3H])[3H],6.74
[3H]C([3H])([3H])N(c1ccc(-c2nc3ccc(OC)cc3o2)cn1)C([3H])([3H])[3H],6.69
CNc1ccc(-c2nc3ccc(OC)cc3o2)cn1,6.73
[3H]C([3H])([3H])N(c1ccc(-c2nc3ccc(O)cc3o2)cn1)C([3H])([3H])[3H],7.07
CN(C)c1ccc(-c2nc3cc(O)ccc3o2)cn1,6.86
[3H]C([3H])([3H])N(c1ncc(-c2nc3ccc(O)cc3o2)cn1)C([3H])([3H])[3H],7.12
CNc1ccc(-c2cc3ccc(O)cc3o2)cn1,7.35
CNc1ccc(-c2cc3ccc(OC)cc3o2)cn1,7.18
COc1ccc2cc(-c3ccc(C(N)=O)nc3)oc2c1,7.22
COc1ccc2cc(-c3ccc(C(N)=O)cn3)oc2c1,7.48
Nc1nc(Cn2c(-c3ccc(Oc4cncnc4)cc3)ccc2-c2ccccc2Cl)ccc1NCCO,6.72
Nc1nc(Cn2c(-c3ccc(Oc4cncnc4)cc3)ccc2-c2ccccc2Cl)ccc1OCCO,6.36
CCCCCOc1ccc(-c2ccc(-c3ccccc3Cl)n2Cc2ccc(NCCO)c(N)n2)cc1,5.5
CCCCCOc1ccc(-c2ccc(-c3ccccc3Cl)n2Cc2ccc(OCCO)c(N)n2)cc1,4.87
Nc1cccc(Cn2c(-c3ccc(Nc4cncnc4)cc3)ccc2-c2ccccc2Cl)n1,5.07
Nc1cccc(Cn2c(-c3ccc(Oc4cccs4)cc3)ccc2-c2ccccc2Cl)n1,4.93
Nc1cccc(Cn2c(-c3ccc(Oc4cnccn4)cc3)ccc2-c2ccccc2Cl)n1,4.88
Nc1cccc(Cn2c(-c3ccc(Oc4cncnc4)cc3)ccc2-c2ccccc2Cl)n1,5.66
Nc1cccc(Cn2c(-c3ccc(Oc4ccncc4)cc3)ccc2-c2ccccc2Cl)n1,5.32
Nc1cccc(Cn2c(-c3ccc(Oc4ccccc4)cc3)ccc2-c2ccccc2Cl)n1,5.04
C=CCNC(=O)c1ccc(-c2ccc(-c3ccccc3)n2Cc2cccc(N)n2)cc1,5.32
N#CCCCOc1ccc(-c2ccc(-c3ccccc3Cl)n2Cc2cccc(N)n2)cc1,5.28
CCCCCOc1ccc(-c2ccc(-c3ccccc3Cl)n2Cc2cccc(N)n2)cc1,5.68
COc1ccc(-c2ccc(-c3ccccc3Cl)n2Cc2cccc(N)n2)cc1,4.8
Nc1cccc(Cn2c(-c3ccccc3)ccc2-c2ccccc2)n1,4.81
Nc1scc2c(C(=O)O)nn(-c3ccccc3)c(=O)c12,4.45
CCOC(=O)c1nn(-c2ccc(OC)cc2)c(=O)c2c(N)scc12,5.1
CCOC(=O)c1nn(-c2ccc(Cl)cc2)c(=O)c2c(N)scc12,5.0
CCN(CC)C(=O)c1nn(-c2ccc(OC)cc2)c(=O)c2c(N)scc12,5.45
CCOC(=O)c1nn(-c2ccc(OC)cc2)c(=O)c2c(NC(=O)Cc3ccccc3)scc12,4.4
CCOC(=O)c1nn(-c2cccc(C(F)(F)F)c2)c(=O)c2c(N)scc12,4.4
CCOC(=O)c1nn(-c2ccccc2)c(=O)c2c(NC(=O)c3ccccc3)scc12,5.5
Cc1sc(N)c2c(=O)n(-c3ccccc3)ncc12,4.55
CCOC(=O)c1nn(-c2ccccc2)c(=O)c2c(N)sc(C)c12,4.75
CCOC(=O)c1nn(-c2ccc(F)cc2)c(=O)c2c(N)scc12,4.9
CCOC(=O)c1nn(-c2ccccc2)c(=O)c2c(NC(C)=O)scc12,4.35
Nc1scc2c(C(=O)NCc3ccccc3)nn(-c3ccccc3)c(=O)c12,5.15
CCOC(=O)c1nn(-c2ccc(OC)cc2)c(=O)c2c(N)scc12,4.6
COc1ccc2c(c1)C(=NO)c1cc(OC)ccc1-2,5.39
CCCCCCOC(=O)C(C#N)c1nc2ccccc2nc1N1CCN(C)CC1,6.1
O=C1c2ccccc2-c2onc3ccc(NCCCn4ccnc4)c1c23,5.66
Nc1c(/N=N/c2ccc(-c3ccc(/N=N/c4cc(S(=O)(=O)O)c5ccccc5c4N)cc3)cc2)cc(S(=O)(=O)O)c2ccccc12,5.63
CCN1CCN(c2nc3ccccc3nc2C(C#N)C(=O)OC2CCCCC2)CC1,5.85
O=C(Nc1ccc(N2CCOCC2)cc1)Nc1ccc2nc(-c3ccco3)c(-c3ccco3)nc2c1,5.91
Oc1ccc(O)c2c(O)cccc12,5.34
C=CCOC(=O)C(C#N)c1nc2ccccc2nc1N1CCN(c2ccccc2OC)CC1,5.95
Cc1cc(NC(=O)c2cc3nc(C4CC4)cc(C(F)(F)F)n3n2)no1,4.63
CC(=O)c1ccc2c(c1)Nc1ccccc1S2,5.04
CN(C)c1ccc(/C=C2/C(=O)Nc3ccccc32)cc1,6.17
Nc1ccc(O)c(-c2nc3ccccc3s2)c1,5.04
CCOc1ccc(CNc2ccc(N3CCCC3)cc2)cc1,5.37
N=C1C=CC(=C(c2ccc(N)cc2)c2ccc(N)cc2)C=C1,6.29
CCOCCCn1c(=N)c(C(=O)NCc2ccc3c(c2)OCO3)cc2c(=O)n3cccc(C)c3nc21,5.52
Nc1ccc(Nc2ccccc2N)cc1,5.69
N=C(N)c1ccc(/N=N\c2c(O)ccc3c2[nH]c2ccccc23)cc1,5.99
CN1c2cccc3cccc(c23)N(C)C1(C)C,4.2
Cc1ccc2nc(-c3ccc(/N=N/c4cc(S(=O)(=O)O)c5ccccc5c4O)cc3)sc2c1S(=O)(=O)O,4.87
COc1cccc2c1C(=N)c1c(O)c3c(c(O)c1C2=O)C[C@](O)(C(C)=O)C[C@@H]3O[C@H]1C[C@H](N)[C@@H](O)[C@H](C)O1,6.17
Oc1ccccc1C1Nc2cccc3cccc(c23)N1,5.42
CN(C)c1ccc(C(=C2C=CC(=[N+](C)C)C=C2)c2ccc(N(C)C)cc2)cc1.[Cl-],6.82
CC(=O)OCCNc1cc(N2CCN(C)CC2)c2noc3c2c1C(=O)c1ccccc1-3,5.89
CN(C)c1ccc(N/C=C/C(=O)c2ccc(F)cc2)cc1,5.47
COc1ccc2nc(N=Nc3ccc(N(C)C)cc3)sc2c1,7.0
N=c1c(C(=O)NCc2ccc3c(c2)OCO3)cc2c(=O)n3ccccc3nc2n1Cc1cccnc1,4.99
Nc1ccc2[nH]c(-c3ccc(Cl)cc3)nc2c1,4.25
Cc1ccccc1Cn1ccc(NC(=O)c2cnn3c(C(F)(F)F)cc(-c4ccco4)nc23)n1,5.17
Cc1cc(-c2ccc(/N=N\c3ccc4c(S(=O)(=O)O)cc(S(=O)(=O)O)c(N)c4c3O)c(C)c2)ccc1/N=N\c1ccc2c(S(=O)(=O)O)cc(S(=O)(=O)O)c(N)c2c1O,6.04
c1cc2c3c(cccc3c1)NC1(CCCCCC1)N2,5.65
CN(C)c1ccc(NC(=S)c2ccccn2)cc1,5.21
CC(C)c1cc(Nc2cccc(O)c2)cc(C(C)C)c1O,5.46
CN(C)c1ccc(C#CC(=O)c2ccc(I)cc2)cc1,8.22
CN(C)c1ccc(C#CC(=O)c2ccc(F)cc2)cc1,7.69
COc1ccc(C#CC(=O)c2ccc(I)cc2)cc1,7.86
O=C(C#Cc1ccc(O)cc1)c1ccc(I)cc1,6.49
CN(C)c1ccc(-c2cn3cc(I)ccc3n2)cc1,7.34
CNc1ccc(-c2nc3ccc(O)cc3s2)cc1,8.22
CNc1ccc(-c2cn3c(n2)sc2cc(OC)ccc23)cc1,8.46
CNc1ccc(-c2nc3ccc(O)cc3s2)cc1,7.89
CNc1ccc(-c2cn3c(n2)sc2cc(OC)ccc23)cc1,8.24
Nc1ccc(-c2nc3ccc(F)cc3s2)cc1,7.58
CNc1ccc(-c2nc3ccc(F)cc3s2)cc1,8.26
CN(C)c1ccc(-c2nc3ccc(F)cc3s2)cc1,8.23
CNc1ccc(-c2nc3ccc(O)cc3s2)cc1,8.24
CNc1ccc(-c2nc3ccc(F)cc3s2)cc1,9.7
CN(C)c1ccc(-c2nc3ccc(F)cc3s2)cc1,9.52
CNc1ccc(-c2nc3ccc(O)cc3s2)cc1,8.8
CNc1ccc(/C=C/c2ccc(OCCOCCOCC[18F])nc2)cc1,8.54
CNc1ccc(-c2cn3c(n2)sc2cc(OCC[18F])ccc23)cc1,8.49
CNc1ccc(-c2cn3c(n2)sc2cc(OCC[18F])ccc23)cc1,8.68
[11CH3]Nc1ccc(-c2nc3ccc(O)cc3s2)cc1,7.92
[11CH3]Nc1ccc(-c2nc3ccc(O)cc3s2)cc1,8.11
CNc1ccc(/C=C/c2ccc(OCCOCCOCCOCCn3cc(COCC(COCCOCCOCCF)(COCc4cn(CCOCCOCCOCCOc5ccc(/C=C/c6ccc(NC)cc6)cn5)nn4)COCc4cn(CCOCCOCCOCCOc5ccc(/C=C/c6ccc(NC)cc6)cn5)nn4)nn3)nc2)cc1,6.33
CNc1ccc(/C=C/c2ccc(OCCOCCOCCOCCNC(=O)CN(CC(=O)NCCOCCOCCOCCOc3ccc(/C=C/c4ccc(NC)cc4)cn3)C(=O)COCCOCCOCCF)nc2)cc1,7.15
[11CH3]Nc1ccc(-c2nc3ccc(O)cc3s2)cc1,9.06
CNc1ccc(/C=C/c2ccc(O)cc2)cc1,8.5
CN(C)c1ccc(-c2cn3cc(I)ccc3n2)cc1,8.89
CNc1ccc(/C=C/c2ccc(OCCOCCOCC[18F])cc2)cc1,8.65
CNc1ccc(/C=C/c2ccc(OCCOCCOCC[18F])nc2)cc1,8.54
CNc1ccc(-c2nc3ccc(O)cc3s2)cc1[18F],9.13
CNc1ccc(-c2nc3ccc(O)cc3s2)c([18F])n1,8.64
CNc1ccc(/C=C/c2ccc(OCCOCCOCCOCCOCC(COCCOCCOCCOCCOc3ccc(/C=C/c4ccc(NC)cc4)cn3)OCCF)nc2)cc1,8.49
CNc1ccc(/C=C/c2ccc(OCCOCCOCCOCCOCCOCC(COCCOCCOCCOCCOCCOc3ccc(/C=C/c4ccc(NC)cc4)cn3)OCCF)nc2)cc1,8.11
CNc1ccc(/C=C/c2ccc(OCCOCCOCCOCCOCCOCCOCC(COCCOCCOCCOCCOCCOCCOc3ccc(/C=C/c4ccc(NC)cc4)cn3)OCCF)nc2)cc1,8.41
CNc1ccc(-c2nc3ccc(O)cc3s2)cc1,7.72
CNc1ccc(-c2nc3ccc(O)cc3s2)cn1,7.66
Oc1ccc2nc(-c3ccc(NCCF)nc3)oc2c1,6.8
COc1ccc2nc(-c3ccc(NCCF)nc3)oc2c1,7.46
Oc1ccc2nc(-c3ccc(NCCCF)nc3)oc2c1,6.4
Oc1ccc2nc(-c3ccc(NCCF)nc3)sc2c1,7.48
Oc1ccc2nc(-c3ccc(NCCCF)nc3)sc2c1,7.18
CNc1ccc(-c2nc3ccc(O)cc3s2)cc1F,7.62
CNc1ccc(-c2nc3ccc(O)cc3s2)nc1F,7.36
CNc1ccc(-c2nc3ccc(OC)cc3s2)c(F)n1,7.85
CNc1ccc(-c2nc3ccc(O)cc3s2)c(F)n1,6.91
CNc1ncc(-c2nc3ccc(O)cc3s2)cc1F,7.01
CNc1ccc(-c2cc3cc(O)ccc3o2)c(F)n1,7.62
CNc1ccc(-c2cc3cc(C(N)=O)ccc3o2)c(F)n1,7.72
CNc1ncc(-c2cc3cc(O)ccc3o2)cc1F,7.52
COc1ccc2oc(-c3ccc(C(N)=O)nc3F)cc2c1,7.5
NC(=O)c1ccc(-c2cc3cc(O)ccc3o2)c(F)n1,7.36
CNc1ccc(-c2cc3cc(O)ccc3o2)nc1F,7.46
CNc1ccc(-c2cc3cc(C(N)=O)ccc3o2)nc1F,7.5
COc1cc(/C=C/c2cc(/C=C/c3ccc(O)c(OC)c3)ncn2)ccc1O,5.5
COc1ccc(/C=C/c2cc(/C=C/c3ccc(OC)c(O)c3)ncn2)cc1O,5.68
CN(C)c1cc(/C=C/c2cc(/C=C/c3ccc(O)c(N(C)C)c3)ncn2)ccc1O,5.43
CN(C)c1ccc(/C=C/c2cc(/C=C/c3ccc(N(C)C)c(O)c3)ncn2)cc1O,5.47
COc1nc(/C=C/c2ccc(N(C)C)c(O)c2)cc(/C=C/c2ccc(N(C)C)c(O)c2)n1,6.1
CSc1nc(/C=C/c2ccc(N(C)C)c(O)c2)cc(/C=C/c2ccc(N(C)C)c(O)c2)n1,5.96
Oc1ccc(/C=C/c2cc(O)cc(/C=C/c3ccc(O)cc3)c2)cc1,5.8
COc1ccc(/C=C/c2cc(O)cc(/C=C/c3ccc(OC)c(O)c3)c2)cc1O,5.8
CN(C)c1ccc(/C=C/c2cc(O)cc(/C=C/c3ccc(N(C)C)c(O)c3)c2)cc1O,5.48
Cc1ccc(NS(=O)(=O)c2ccc(Cl)cc2)c(/N=C/c2cc(Cl)cc(Cl)c2O)c1,4.89
Cc1ccc(NS(=O)(=O)c2ccc(Cl)cc2)c(/N=C/c2cc(Cl)cc(Cl)c2O)c1,4.21
Cc1ccc(NS(=O)(=O)c2ccc(Cl)cc2)c(N)c1,4.52
Cc1ccc(NS(=O)(=O)c2ccc(Cl)cc2)c(N)c1,4.64
[11CH3]Nc1ccc(-c2nc3ccc(O)cc3s2)cc1,9.1
CNc1ccc(-c2nc3ccc(O)cc3s2)cc1[18F],9.15
CNc1ccc(/C=C/c2ccc(OCCOCCOCC[18F])nc2)cc1,8.54
CNc1ccc(/C=C/c2ccc(OCCOCCOCC[18F])cc2)cc1,8.66
CNc1ccc(C=C2C(=O)Nc3ccc(I)cc32)cc1,5.3
CN(C)c1ccc(C=C2C(=O)Nc3ccc(I)cc32)cc1,5.33
CNc1ccc(/C=C2\Nc3ccc(I)cc3C2=O)cc1,6.94
CN(C)c1ccc(/C=C2\Nc3ccc(I)cc3C2=O)cc1,7.51
O=C(O)/C=C/c1ccc(O)c(O)c1,4.48
O=C(/C=C/c1ccc(O)c(O)c1)O[C@@H]1C[C@](O)(C(=O)O)C[C@@H](O)[C@H]1O,4.03
O=C(/C=C/c1ccc(O)c(O)c1)O[C@@H]1C[C@](O)(C(=O)O)C[C@@H](OC(=O)/C=C/c2ccc(O)c(O)c2)[C@H]1O,4.79
O=C(/C=C/c1ccc(O)c(O)c1)O[C@@H]1[C@H](O)C[C@@](O)(C(=O)O)C[C@H]1OC(=O)/C=C/c1ccc(O)c(O)c1,5.33
O=C(/C=C/c1ccc(O)c(O)c1)O[C@H]1[C@H](O)C[C@](O)(C(=O)O)C[C@H]1OC(=O)/C=C/c1ccc(O)c(O)c1,7.0
O=C(/C=C/c1ccc(O)c(O)c1)O[C@H]1[C@H](O)C[C@](OC(=O)/C=C/c2ccc(O)c(O)c2)(C(=O)O)C[C@H]1OC(=O)/C=C/c1ccc(O)c(O)c1,5.66
O=C(/C=C/c1ccc(O)c(O)c1)O[C@@H]1C[C@](O)(C(=O)O)C[C@@H](OC(=O)/C=C/c2ccc(O)c(O)c2)[C@H]1OC(=O)/C=C/c1ccc(O)c(O)c1,6.52
COC(=O)[C@]1(O)C[C@@H](OC(=O)/C=C/c2ccc(O)c(O)c2)[C@@H](OC(=O)/C=C/c2ccc(O)c(O)c2)[C@H](OC(=O)/C=C/c2ccc(O)c(O)c2)C1,5.52
CNc1ccc(/C=C/c2ccc(OCCOCCOCC[18F])cc2)cc1,8.65
CNc1ccc(/C=C/c2ccc(OCCOCCOCC[18F])nc2)cc1,8.54
CNc1ccc(/C=C/c2ccc(O)cc2)cc1,8.92
Nc1c(S(=O)(=O)c2ccc(Cl)cc2)cnc2cc(-c3ccccc3)nn12,5.64
O=C(Nc1ccccc1)Nc1ccc(Cl)cc1[N+](=O)[O-],6.05
O=S(=O)(Nc1ccc(N2CCCCC2)cc1)c1cc(Cl)sc1Cl,6.16
Cc1nc2sc3c(c2c(=O)o1)CCCC3,5.92
[3H]C([3H])([3H])n1ccc2cc(-c3nc4ccc(F)nc4o3)cnc21,8.02
[3H]C([3H])([3H])n1ccc2cc(-c3nc4ccc(F)nc4o3)ccc21,8.19
[3H]C([3H])([3H])N(C)c1ccc(-c2nc3ccc(F)nc3o2)cc1,8.35
Cn1ncc2cc(-c3nc4ccc(F)nc4o3)ccc21,7.31
Fc1ccc2nc(-c3ccc4cc[nH]c4c3)oc2n1,7.34
Fc1ccc2nc(-c3ccc4ncsc4c3)oc2n1,7.45
Cn1ncc2cc(-c3nc4ccc(F)nc4o3)cnc21,7.52
CN1CCc2cc(-c3nc4ccc(F)nc4o3)cnc21,7.33
Cn1ccc2cc(-c3nc4ccc(F)nc4o3)cnc21,7.98
Fc1ccc2nc(-c3cnc4[nH]ccc4c3)oc2n1,7.59
Cn1ccc2cc(-c3nc4ccc(F)nc4o3)ccc21,8.1
Fc1ccc2nc(-c3ccc4[nH]ccc4c3)oc2n1,7.86
CN(C)c1ccc(-c2nc3ccc(F)nc3o2)cn1,7.38
CNc1ccc(-c2nc3ccc(F)nc3o2)cn1,6.99
CN(C)c1ccc(-c2nc3ccc(F)nc3o2)cc1,8.4
CNc1ccc(-c2nc3ccc(F)nc3o2)cc1,7.64
COc1ccc(-c2nc3ccc(F)nc3o2)cc1,7.49
CN(C)c1ccc(-c2cn3cc(I)ccc3n2)cc1,8.28
COc1ccc2nc(/N=C/c3ccc(O)cc3)sc2c1,7.46
COc1ccc2nc(/N=C/c3ccc(I)cc3)sc2c1,6.99
COc1ccc2nc(/N=C/c3ccc(Br)cc3)sc2c1,6.97
COc1ccc(/C=N/c2nc3ccc(OC)cc3s2)cc1,7.97
COc1ccc2nc(/N=C/c3ccc([N+](=O)[O-])cc3)sc2c1,6.29
COc1ccc2nc(/N=C/c3ccc(N(C)C)cc3)sc2c1,8.36
CN(C)c1ccc(-c2cn3cc(I)ccc3n2)cc1,8.1
COc1c2ccc(I)cc2nc2ccc(N(C)C)cc12,7.41
COc1ccc2nc3cc(I)ccc3c(OC)c2c1,7.54
COc1ccc2nc3cc(I)ccc3c(N)c2c1,7.08
CNc1c2ccc(I)cc2nc2ccc(OC)cc12,7.86
COc1ccc2nc3cc(I)ccc3c(N(C)C)c2c1,6.92
CCN(CC)CCCC(C)Nc1c2ccc(I)cc2nc2ccc(OC)cc12,6.45
CCN(CC)CCCC(C)Nc1c2ccc([125I])cc2nc2ccc(OC)cc12,7.32
Oc1ccc(-c2ccc(O)c(O)c2)cc1O,6.0
Oc1ccc(-c2ccccc2-c2ccc(O)c(O)c2)cc1O,5.57
Oc1ccc(-c2cccc(-c3ccc(O)c(O)c3)c2)cc1O,5.43
COc1ccc2cc(C(=O)CN3CCN(c4ccccc4)CC3)c(=O)oc2c1,5.19
COc1ccc2cc(C(=O)CN3CCN(c4ncccn4)CC3)c(=O)oc2c1,5.4
COc1ccc2cc(C(=O)CN3CCOCC3)c(=O)oc2c1,5.3
COc1ccc2cc(C(=O)CN3CCC(c4ccccc4)CC3)c(=O)oc2c1,4.85
COc1ccc2cc(C(=O)CN3CCN(c4ccccc4)CC3)c(=O)oc2c1,4.68
COc1ccc2cc(C(=O)CN3CCC(c4ccccc4)CC3)c(=O)oc2c1,4.54
COc1ccc2cc(C(=O)CN3CCN(c4ncccn4)CC3)c(=O)oc2c1,6.0
COc1ccc2cc(C(=O)CN3CCOCC3)c(=O)oc2c1,4.54
COc1ccc2cc(C(=O)CN3CCC(Cc4ccccc4)CC3)c(=O)oc2c1,4.44
COc1ccc2cc(C(=O)CN3CCN(Cc4ccccc4)CC3)c(=O)oc2c1,4.44
COc1cc(/C=C/c2cccc(/C=C/c3ccc(N(C)C)c(OC)c3)c2)ccc1N(C)C,6.0
Nc1ccc(/C=C/c2nc3ccc(I)cc3[nH]2)cc1,6.05
CNc1ccc(/C=C/c2nc3ccc(I)cc3[nH]2)cc1,6.38
CN(C)c1ccc(/C=C/c2nc3ccc(I)cc3[nH]2)cc1,6.09
[11CH3]Nc1ccc(-c2nc3ccc(O)cc3s2)cc1,7.7
Cc1ccc2c(c1)sc(-c1ccc(N(C)C)cc1)[n+]2C.[Cl-],6.05
COc1ccccc1OCCNCC(O)COc1cccc2[nH]c3ccccc3c12,4.52
CN(C)c1cccc(Oc2cnc(Nc3cccc(O)c3)nc2)c1,4.0
CCCCCC(=O)O[C@H]1CC[C@@]2(C)C(=CC[C@@H]3[C@@H]4C[C@@H]5O[C@]6(CC[C@@H](C)CO6)[C@@H](C)[C@@H]5[C@@]4(C)CC[C@@H]32)C1,4.0
Oc1c(I)cc(Cl)c2cccnc12,4.0
O=C(O[C@@H]1Cc2c(O)cc(O)cc2O[C@@H]1c1cc(O)c(O)c(O)c1)c1cc(O)c(O)c(O)c1,4.0
O[C@H]1[C@H](O)[C@@H](O)[C@H](O)[C@@H](O)[C@@H]1O,4.0
NCCCS(=O)(=O)O,4.0
CNc1ccc(/C=C/c2ccc(OCCOCCOCC[18F])nc2)cc1,8.54
CN(C)c1ccc(-c2cn3cc(I)ccc3n2)cc1,7.98
Cn1c(-c2ccc(NCCCF)cc2)cc2ccccc21,5.96
Cn1c(-c2ccc(NCCF)cc2)cc2ccccc21,5.99
CN(CCCF)c1ccc(-c2cc3ccccc3n2C)cc1,7.1
CN(CCF)c1ccc(-c2cc3ccccc3n2C)cc1,6.93
CN(CCCF)c1ccc(-c2cc3ccccc3[nH]2)cc1,7.5
CN(CCF)c1ccc(-c2cc3ccccc3[nH]2)cc1,7.55
CNc1ccc(/C=C/c2ccc(OCCOCCOCC[18F])cc2)cc1,8.65
CN(C)c1ccc(-c2cn3cc(I)ccc3n2)cc1,7.82
Oc1ccc(/C=C/c2cc(O)cc(O)c2)cc1,4.82
COc1cc(/C=C/C(=O)/C=C(O)/C=C/c2ccc(O)c(OC)c2)ccc1O,4.91
COc1cc(/C=C/c2ccc(NCc3cc(NC(C)C)ccc3O)cc2)cc(OC)c1,4.74
COc1cc(/C=C/c2ccc(NCc3cc(NCC(C)C)ccc3O)cc2)cc(OC)c1,4.99
CCCNc1ccc(O)c(CNc2ccc(/C=C/c3cc(OC)cc(OC)c3)cc2)c1,4.88
COc1cc(/C=C/c2ccc(NCc3cc(N(C)C)ccc3O)cc2)cc(OC)c1,5.12
CN(C)c1ccccc1CNc1ccc(/C=C/c2cc(O)cc(O)c2)cc1,4.85
CN(C)c1ccc(O)c(CNc2ccc(/C=C/c3cc(O)cc(O)c3)cc2)c1,5.19
O=[N+]([O-])c1ccc(O)c(CNc2ccc(/C=C/c3cc(O)cc(O)c3)cc2)c1,5.15
Oc1cc(O)cc(/C=C/c2ccc(NCc3cccc(O)c3O)cc2)c1,5.1
Oc1cc(O)cc(/C=C/c2ccc(NCc3ccccc3O)cc2)c1,4.99
CN(C)c1ccc(/C=C/c2ccc(NCc3cc(N(C)C)ccc3O)cc2)cc1,4.97
COc1ccc(/C=C/c2ccc(NCc3cc(N(C)C)ccc3O)cc2)cc1,4.91
CN(C)c1ccc(-c2cnc3cc(OCC[18F])ccc3n2)cc1,9.05
CNc1ccc(-c2cnc3cc(OCC[18F])ccc3n2)cc1,7.8
CN(C)c1ccc(-c2cn3cc(I)ccc3n2)cc1,8.14
CNc1ccc(/C=C/c2ccc(OCCOCCOCCF)nc2)cc1,7.89
CN(C)c1ccc(-c2cnc3cc(OCCF)ccc3n2)cc1,9.05
CNc1ccc(-c2cnc3cc(OCCF)ccc3n2)cc1,7.8
Nc1ccc(-c2cnc3cc(OCCF)ccc3n2)cc1,6.62
CN(C)c1ccc(-c2cnc3ccc(OCCF)cc3n2)cc1,6.96
CNc1ccc(-c2cnc3ccc(OCCF)cc3n2)cc1,6.12
Nc1ccc(-c2cnc3ccc(OCCF)cc3n2)cc1,5.93
CN(C)c1ccc(-c2cnc3ccc(OCC[18F])cc3n2)cc1,6.96
O=C(/C=C/c1ccc(O)cc1)c1ccc(O)cc1O,4.71
Oc1ccc(/C=C/c2cc(O)cc(O)c2)cc1,4.8
COc1ccc(C(=O)/C=C/c2ccc(C(=O)O)cc2)c(O)c1,4.73
COC(=O)c1ccc(/C=C/C(=O)c2ccc(OC)cc2O)cc1,4.62
COc1ccc(C(=O)/C=C/c2cc(Br)c(OCc3ccccc3)c(OC)c2)c(O)c1,4.9
COc1ccc(C(=O)/C=C/c2cc(OC)c(OC)c(OC)c2)c(O)c1,5.01
COc1ccc(C(=O)/C=C/c2cc(OC)c(OC)cc2OC)c(O)c1,4.99
CCOCCOc1ccc(/C=C/C(=O)c2ccc(OC)cc2O)cc1,4.72
COc1ccc(/C=C/C(=O)c2ccc(OC)cc2O)cc1,5.08
COc1ccc(C(=O)/C=C/c2ccc(OCc3ccccc3)cc2)c(O)c1,5.11
CCOCCOc1cccc(/C=C/C(=O)c2ccc(OC)cc2O)c1,4.98
COc1ccc(C(=O)/C=C/c2ccc(OCCCOc3ccccc3)c(OC)c2)c(O)c1,4.96
CCOCCCOc1ccc(/C=C/C(=O)c2ccc(OC)cc2O)cc1OC,5.24
COc1ccc(C(=O)/C=C/c2ccc(C(=O)Nc3cc([N+](=O)[O-])ccc3O)cc2)c(O)c1,4.88
COc1ccc(C(=O)/C=C/c2ccc(C(=O)Nc3ccccc3O)cc2)c(O)c1,5.0
COc1ccc(C(=O)/C=C/c2ccc(C(=O)Nc3ccccc3OC)cc2)c(O)c1,5.14
COc1ccc(C(=O)/C=C/c2ccc(C(=O)Nc3ccc(C)cc3C)cc2)c(O)c1,5.08
COc1ccc(C(=O)/C=C/c2ccc(C(=O)N(C)c3ccccc3)cc2)c(O)c1,4.7
COc1ccc(C(=O)/C=C/c2ccc(C(=O)NCc3ccccc3)cc2)c(O)c1,4.72
COc1ccc(C(=O)/C=C/c2ccc(C(=O)NCCc3ccccc3)cc2)c(O)c1,4.72
CCCCCCCCCCCCNC(=O)c1ccc(/C=C/C(=O)c2ccc(OC)cc2O)cc1,4.8
CCCNC(=O)c1ccc(/C=C/C(=O)c2ccc(OC)cc2O)cc1,4.7
COc1ccc(C(=O)/C=C/c2ccc(C(=O)NC(C)C)cc2)c(O)c1,4.75
COc1ccc(C(=O)/C=C/c2ccc(C(=O)N3CCOCC3)cc2)c(O)c1,5.5
COc1ccc(C(=O)/C=C/c2ccc(C(=O)N3CCCCC3)cc2)c(O)c1,5.23
COc1ccc(C(=O)/C=C/c2ccc(C(=O)N3CCN(C)CC3)cc2)c(O)c1,5.66
COc1ccc(C(=O)/C=C/c2ccc(C(=O)N3CCCC3)cc2)c(O)c1,4.84
O=C(O)c1cccnc1,4.88
O=C(O)CN(CCN(CC(=O)O)CC(=O)O)CC(=O)O,4.55
O=C(O)c1cccnc1,4.36
O=C(O)CN(CCN(CC(=O)O)CC(=O)O)CC(=O)O,5.11
CCc1nc2cc(/C=C/C(=O)NO)ccc2c(=O)n1CCc1ccccc1,5.17
O=C(/C=C/c1ccc2c(=O)n(CCc3ccccc3)cnc2c1)NO,5.26
Cc1nc2cc(/C=C/C(=O)NO)ccc2c(=O)n1CCc1c[nH]c2ccccc12,5.13
Cc1nc2cc(/C=C/C(=O)NO)ccc2c(=O)n1CCc1ccccc1,5.02
Cc1nc2cc(/C=C/C(=O)NO)ccc2c(=O)n1Cc1ccccc1,4.74
Cc1nc2cc(/C=C/C(=O)NO)ccc2c(=O)n1-c1ccccc1,4.74
[11CH3]Nc1ccc(-c2nc3ccc(O)cc3s2)cc1,8.37
COc1cc(/C=C/C(=O)/C=C(O)/C=C/c2ccc(O)c(OC)c2)ccc1O,4.69
O=c1ccoc2cc(OCCCN3CCN(CCCNc4c5c(nc6ccccc46)CCCC5)CC3)ccc12,4.94
COc1cc(OCCCN2CCN(CCCNc3c4c(nc5ccccc35)CCCC4)CC2)cc2occc(=O)c12,4.9
O=c1ccoc2cc(OCCCN3CCN(CCCNc4c5c(nc6ccccc46)CCCC5)CC3)cc(O)c12,5.32
O=c1cc(-c2ccc([N+](=O)[O-])cc2)oc2cc(OCCCN3CCN(CCCNc4c5c(nc6ccccc46)CCCC5)CC3)ccc12,4.85
COc1cc(OCCCN2CCN(CCCNc3c4c(nc5ccccc35)CCCC4)CC2)cc2oc(-c3ccccc3)cc(=O)c12,5.02
O=c1cc(-c2ccccc2)oc2cc(OCCCN3CCN(CCCNc4c5c(nc6ccccc46)CCCC5)CC3)cc(O)c12,5.19
O=c1cc(-c2ccccc2)oc2cc(OCCCCCCN3CCN(CCCNc4c5c(nc6ccccc46)CCCC5)CC3)ccc12,4.87
O=c1cc(-c2ccccc2)oc2cc(OCCCCCN3CCN(CCCNc4c5c(nc6ccccc46)CCCC5)CC3)ccc12,4.88
O=c1cc(-c2ccccc2)oc2cc(OCCCCN3CCN(CCCNc4c5c(nc6ccccc46)CCCC5)CC3)ccc12,4.76
O=c1cc(-c2ccccc2)oc2cc(OCCCN3CCN(CCCNc4c5c(nc6ccccc46)CCCC5)CC3)ccc12,4.83
O=c1cc(-c2ccccc2)oc2cc(OCCN3CCN(CCCNc4c5c(nc6ccccc46)CCCC5)CC3)ccc12,5.01
O=c1cc(-c2ccccc2)oc2cc(OCCCCCCN3CCN(CCNc4c5c(nc6ccccc46)CCCC5)CC3)ccc12,4.85
O=c1cc(-c2ccccc2)oc2cc(OCCCCCN3CCN(CCNc4c5c(nc6ccccc46)CCCC5)CC3)ccc12,4.89
O=c1cc(-c2ccccc2)oc2cc(OCCCCN3CCN(CCNc4c5c(nc6ccccc46)CCCC5)CC3)ccc12,4.79
O=c1cc(-c2ccccc2)oc2cc(OCCCN3CCN(CCNc4c5c(nc6ccccc46)CCCC5)CC3)ccc12,4.86
O=c1cc(-c2ccccc2)oc2cc(OCCN3CCN(CCNc4c5c(nc6ccccc46)CCCC5)CC3)ccc12,4.78
CC(C(=O)NCCCNCCCNC1=CC(=O)c2ccccc2C1=O)c1ccc(-c2ccccc2)c(F)c1,5.16
C[C@H](C(=O)NCCCNCCCNC1=CC(=O)C(NCCCNCCCNC(=O)[C@@H](C)c2ccc(-c3ccccc3)c(F)c2)=CC1=O)c1ccc(-c2ccccc2)c(F)c1,5.35
C[C@@H](C(=O)NCCCNCCCNC1=CC(=O)C(NCCCNCCCNC(=O)[C@H](C)c2ccc(-c3ccccc3)c(F)c2)=CC1=O)c1ccc(-c2ccccc2)c(F)c1,5.32
COc1ccc2c(c1)c(CC(=O)NCCCNCCCNC1=CC(=O)C(NCCCNCCCNC(=O)Cc3c(C)n(C(=O)c4ccc(Cl)cc4)c4ccc(OC)cc34)=CC1=O)c(C)n2C(=O)c1ccc(Cl)cc1,5.21
O=C(Cc1ccccc1Nc1c(Cl)cccc1Cl)NCCCNCCCNC1=CC(=O)C(NCCCNCCCNC(=O)Cc2ccccc2Nc2c(Cl)cccc2Cl)=CC1=O,5.5
CC1=C(CC(=O)NCCCNCCCNC2=CC(=O)C(NCCCNCCCNC(=O)CC3=C(C)/C(=C\c4ccc([S+](C)[O-])cc4)c4ccc(F)cc43)=CC2=O)c2cc(F)ccc2/C1=C/c1ccc([S+](C)[O-])cc1,5.09
CC(C)Cc1ccc(C(C)C(=O)NCCCNCCCNC2=CC(=O)C(NCCCNCCCNC(=O)C(C)c3ccc(CC(C)C)cc3)=CC2=O)cc1,5.32
CCN(CCCCCCNC1=CC(=O)C(NCCCCCCN(CC)Cc2ccccc2OC)=CC1=O)Cc1ccccc1OC,5.23
CN(CCCCNc1c2c(nc3c(NC(=O)CNC(=O)CC[C@H](NC(=O)CNC(=O)OCc4ccccc4)C(=O)N[C@@H](Cc4ccccc4)C(=O)OCc4ccccc4)cccc13)CCCC2)CCCNc1c2c(nc3ccccc13)CCCC2,4.29
O=C(/C=C/c1cc(O)cc2c1[C@H](C(O)O[C@H](Cc1ccc(O)c(O)c1)C(=O)O)[C@@H](c1ccc(O)c(O)c1)O2)O[C@H](Cc1ccc(O)c(O)c1)C(=O)O,5.3
O=C(/C=C/c1cc(O)cc2c1[C@H](C(O)O[C@H](Cc1ccc(O)c(O)c1)C(=O)O)[C@@H](c1ccc(O)c(O)c1)O2)O[C@H](Cc1ccc(O)c(O)c1)C(=O)O,5.81
CN(C)c1ccc(-c2cn3cc([125I])ccc3n2)cc1,7.87
COc1cc(/C=C2\COc3ccc(Br)cc3C2=O)cc(OC)c1,7.41
COc1cc(/C=C2\COc3ccc(Br)cc3C2=O)ccc1O,6.36
COc1cccc(/C=C2\COc3ccc(Br)cc3C2=O)c1,7.13
COc1ccc(/C=C2\COc3ccc(Br)cc3C2=O)cc1OC,7.27
CN(C)c1ccc(/C=C2\COc3ccc(Br)cc3C2=O)cc1Br,7.59
O=C1/C(=C/c2ccc(Br)cc2)COc2ccc(Br)cc21,6.84
Nc1ccc(/C=C2\COc3ccc(Br)cc3C2=O)cc1,7.2
O=C1/C(=C/c2ccc([N+](=O)[O-])cc2)COc2ccc(Br)cc21,6.97
CN(C)c1ccc(/C=C2\COc3ccc(Br)cc3C2=O)cc1,8.04
O=C1/C(=C/c2ccccc2)COc2ccc(Br)cc21,6.99
O=C1/C(=C/c2ccc(O)cc2)COc2ccc(Br)cc21,6.99
COc1ccc(/C=C2\COc3ccc(Br)cc3C2=O)cc1,8.0
CN(C)c1ccc(-c2cn3cc(I)ccc3n2)cc1,8.52
CN(C)c1ccc(-c2nnc(-c3ccc(I)cc3)o2)cc1,8.41
CN(C)c1ccc(-c2nnc(-c3cccc(I)c3)o2)cn1,7.87
CN(C)c1ccc(-c2nnc(-c3ccc(I)cc3)o2)cn1,7.61
c1ccc2c(NCCSSCCNc3c4c(nc5ccccc35)CCCC4)c3c(nc2c1)CCCC3,4.62
COc1cc(/C=C/c2ccc(O)cc2)ccc1/C=C/c1ccc(O)cc1,7.62
Oc1ccc(/C=C/c2ccc(/C=C/c3ccc(O)cc3)c(C(F)(F)F)c2)cc1,6.61
Oc1ccc(/C=C/c2ccc(/C=C/c3ccc(O)cc3)c(OCC(F)(F)F)c2)cc1,7.41
Oc1ccc(/C=C/c2ccc(/C=C/c3ccc(O)cc3)c(OCCCC(F)(F)F)c2)cc1,7.25
Oc1ccc(/C=C/c2ccc(/C=C/c3ccc(O)cc3)c(OC(C(F)(F)F)(C(F)(F)F)C(F)(F)F)c2)cc1,7.07
COc1cc(/C=c2\sc3nc(-c4ccncc4)cn3c2=O)cc(OC)c1O,7.03
COc1cc(/C=c2\sc3nc(-c4ccc(Cl)cc4)cn3c2=O)cc(OC)c1O,8.15
COc1cc(/C=c2\sc3nc(-c4ccc(Cl)cc4)cn3c2=O)cc(Cl)c1O,7.5
COc1cc(/C=c2\sc3nc(-c4ccc(Cl)cc4)cn3c2=O)cc(Br)c1O,7.75
COc1cc(/C=c2\sc3nc(-c4ccc(Cl)cc4)cn3c2=O)cc(O)c1O,7.75
COc1cc(/C=c2\sc3nc(-c4ccncc4C)cn3c2=O)cc(OC)c1O,7.5
COc1cc(/C=c2\sc3nc(-c4cccc(Cl)c4)cn3c2=O)cc(OC)c1O,8.22
COc1cc(/C=c2\sc3nc(-c4cccc(C(F)(F)F)c4)cn3c2=O)cc(Cl)c1O,6.91
CN(C)c1ccc2nc3ccc(=[N+](C)C)cc-3sc2c1,6.26
O=Cc1ccc(-c2ccc(-c3ccc(N(c4ccccc4)c4ccccc4)cc3)s2)s1,5.15
N#C/C(=C\c1ccc(-c2ccc(-c3ccc(N(c4ccccc4)c4ccccc4)cc3)s2)s1)C(N)=O,5.82
COc1ccc(-c2cc3c(s2)c2sc(-c4ccc(/C=C(\C#N)C(N)=O)s4)cc2n3C(C)(C)C)cc1,6.26
Cc1ccc2oc(=O)c(C(=O)NCCCCCCNc3c4c(nc5ccccc35)CCCC4)cc2c1,5.3
O=C(NCCCCCCNc1c2c(nc3ccccc13)CCCC2)c1cc2cc(OC(F)(F)F)ccc2oc1=O,4.62
COc1ccc2oc(=O)c(C(=O)NCCCCCCCNc3c4c(nc5ccccc35)CCCC4)cc2c1,4.87
Cc1ccc2oc(=O)c(C(=O)NCCCCCCCNc3c4c(nc5ccccc35)CCCC4)cc2c1,5.21
COc1cc(/C=C/C(=O)/C=C(O)/C=C/c2ccc(O)c(OC)c2)ccc1O,4.96
O=C(O[C@@H]1Cc2c(O)cc(O)cc2O[C@@H]1c1cc(O)c(O)c(O)c1)c1cc(O)c(O)c(O)c1,5.34
O=C1/C(=C/c2ccc(O)c(O)c2)Oc2c1ccc(O)c2O,5.57
O=c1cc(-c2ccc(O)c(O)c2)oc2cc(O)cc(O)c12,5.19
COc1c(-c2ccc(O)c(O)c2)oc2c(O)c(O)ccc2c1=O,5.27
O=C(O[C@@H]1Cc2c(O)cc(O)cc2O[C@@H]1c1cc(O)c(O)c(O)c1)c1cc(O)c(O)c(O)c1,5.52
COc1ccc(OCc2ccc([125I])cc2)cc1,9.25
COc1ccc(OCc2ccc(I)cc2)cc1,7.61
COc1cccc(OCc2ccc(I)cc2)c1,6.88
COc1ccccc1OCc1ccc(I)cc1,5.29
Oc1ccc(OCc2ccc(I)cc2)cc1,6.95
Oc1cccc(OCc2ccc(I)cc2)c1,6.41
Oc1ccccc1OCc1ccc(I)cc1,5.55
Fc1ccc(OCc2ccc(I)cc2)cc1,6.97
Clc1ccc(OCc2ccc(I)cc2)cc1,7.73
Brc1ccc(OCc2ccc(I)cc2)cc1,7.92
Ic1ccc(COc2ccc(I)cc2)cc1,7.66
Ic1ccc(COc2ccccc2)cc1,7.1
CC(C)(C)c1ccc(OCc2ccc(I)cc2)cc1,6.93
Nc1ccc(OCc2ccc(I)cc2)cc1,6.39
Nc1cccc(OCc2ccc(I)cc2)c1,5.81
Nc1ccccc1OCc1ccc(I)cc1,5.99
CNc1ccc(OCc2ccc(I)cc2)cc1,7.32
CNc1cccc(OCc2ccc(I)cc2)c1,6.23
CNc1ccccc1OCc1ccc(I)cc1,4.68
CN(C)c1ccc(OCc2ccc(I)cc2)cc1,7.75
CN(C)c1cccc(OCc2ccc(I)cc2)c1,6.05
COc1ccc(COc2ccc(I)cc2)cc1,7.31
COc1ccc(SCc2ccc(I)cc2)cc1,6.28
CN(C)c1ccc(-c2cn3cc(I)ccc3n2)cc1,7.49
CNc1ccc(-c2nc3ccc(O)cc3s2)cc1,7.41
COc1ccc(OCc2ccc(I)cc2)cc1,7.61
COc1cccc(OCc2ccc(I)cc2)c1,6.88
COc1ccccc1OCc1ccc(I)cc1,5.29
Oc1ccc(OCc2ccc(I)cc2)cc1,6.95
Oc1cccc(OCc2ccc(I)cc2)c1,6.41
Oc1ccccc1OCc1ccc(I)cc1,5.55
Fc1ccc(OCc2ccc(I)cc2)cc1,6.97
Clc1ccc(OCc2ccc(I)cc2)cc1,7.73
Brc1ccc(OCc2ccc(I)cc2)cc1,7.92
Ic1ccc(COc2ccc(I)cc2)cc1,7.66
Ic1ccc(COc2ccccc2)cc1,7.1
CC(C)(C)c1ccc(OCc2ccc(I)cc2)cc1,6.93
Nc1ccc(OCc2ccc(I)cc2)cc1,6.39
Nc1cccc(OCc2ccc(I)cc2)c1,5.81
Nc1ccccc1OCc1ccc(I)cc1,5.99
CNc1ccc(OCc2ccc(I)cc2)cc1,7.32
CNc1cccc(OCc2ccc(I)cc2)c1,6.23
CNc1ccccc1OCc1ccc(I)cc1,4.68
CN(C)c1ccc(OCc2ccc(I)cc2)cc1,7.75
CN(C)c1cccc(OCc2ccc(I)cc2)c1,6.05
COc1ccc(COc2ccc(I)cc2)cc1,7.31
COc1ccc(SCc2ccc(I)cc2)cc1,6.28
CN(C)c1ccc(-c2cn3cc(I)ccc3n2)cc1,7.49
CNc1ccc(-c2nc3ccc(O)cc3s2)cc1,7.41
CCO[C@@H]([C@H]1C[C@@H](C)[C@H]2[C@H](O1)[C@H](O)[C@@]1(C)[C@@H]3CC[C@H]4C(C)(C)[C@@H](O[C@H]5CN(CC(=O)N6CCC6)CCO5)CC[C@@]45C[C@@]35CC[C@]21C)C(C)(C)O,6.6
CCO[C@@H]([C@H]1C[C@@H](C)[C@H]2[C@H](O1)[C@H](O)[C@@]1(C)[C@@H]3CC[C@H]4C(C)(C)[C@@H](O[C@H]5CN(C(=O)C(C)C)CCO5)CC[C@@]45C[C@@]35CC[C@]21C)C(C)(C)O,6.77
CCO[C@@H]([C@H]1C[C@@H](C)[C@H]2[C@H](O1)[C@H](O)[C@@]1(C)[C@@H]3CC[C@H]4C(C)(C)[C@@H](O[C@H]5CN(C6COC6)CCO5)CC[C@@]45C[C@@]35CC[C@]21C)C(C)(C)O,6.57
CCO[C@@H]([C@H]1C[C@@H](C)[C@H]2[C@H](O1)[C@H](O)[C@@]1(C)[C@@H]3CC[C@H]4C(C)(C)[C@@H](O[C@H]5CN(CC)CCO5)CC[C@@]45C[C@@]35CC[C@]21C)C(C)(C)O,6.68
CCO[C@@H]([C@H]1C[C@@H](C)[C@H]2[C@H](O1)[C@H](O)[C@@]1(C)[C@@H]3CC[C@H]4C(C)(C)[C@@H](O[C@H]5CN(C)CCO5)CC[C@@]45C[C@@]35CC[C@]21C)C(C)(C)O,6.6
CCO[C@@H]([C@H]1C[C@@H](C)[C@H]2[C@H](O1)[C@H](O)[C@@]1(C)[C@@H]3CC[C@H]4C(C)(C)[C@@H](O[C@H]5CNCCO5)CC[C@@]45C[C@@]35CC[C@]21C)C(C)(C)O,7.04
CCO[C@@H]([C@H]1C[C@@H](C)[C@H]2[C@H](O1)[C@H](O)[C@@]1(C)[C@@H]3CC[C@H]4C(C)(C)[C@@H](O[C@H]5CN(C6CN(C)C6)CCO5)CC[C@@]45C[C@@]35CC[C@]21C)C(C)(C)O,7.0
CCO[C@@H]([C@H]1C[C@@H](C)[C@H]2[C@H](O1)[C@H](O)[C@@]1(C)[C@@H]3CC[C@H]4C(C)(C)[C@@H](O[C@H]5CN(CCOC)CCO5)CC[C@@]45C[C@@]35CC[C@]21C)C(C)(C)O,6.57
CCO[C@@H]([C@H]1C[C@@H](C)[C@H]2[C@H](O1)[C@H](O)[C@@]1(C)[C@@H]3CC[C@H]4C(C)(C)[C@@H](O[C@H]5CN(CCN6CCC6)CCO5)CC[C@@]45C[C@@]35CC[C@]21C)C(C)(C)O,6.96
CCO[C@@H]([C@H]1C[C@@H](C)[C@H]2[C@H](O1)[C@H](O)[C@@]1(C)[C@@H]3CC[C@H]4C(C)(C)[C@@H](O[C@H]5CN(C6(C)COC6)CCO5)CC[C@@]45C[C@@]35CC[C@]21C)C(C)(C)O,6.4
CCO[C@@H]([C@H]1C[C@@H](C)[C@H]2[C@H](O1)[C@H](O)[C@@]1(C)[C@@H]3CC[C@H]4C(C)(C)[C@@H](O[C@H]5CN(C6CNC6)CCO5)CC[C@@]45C[C@@]35CC[C@]21C)C(C)(C)O,7.0
CCO[C@@H]([C@H]1C[C@@H](C)[C@H]2[C@H](O1)[C@H](O)[C@@]1(C)[C@@H]3CC[C@H]4C(C)(C)[C@@H](O[C@H]5CN(CC6CN(C)C6)CCO5)CC[C@@]45C[C@@]35CC[C@]21C)C(C)(C)O,6.85
CCO[C@@H]([C@H]1C[C@@H](C)[C@H]2[C@H](O1)[C@H](O)[C@@]1(C)[C@@H]3CC[C@H]4C(C)(C)[C@@H](O[C@H]5CN(C6CN(C7CCC7)C6)CCO5)CC[C@@]45C[C@@]35CC[C@]21C)C(C)(C)O,6.92
CCO[C@@H]([C@H]1C[C@@H](C)[C@H]2[C@H](O1)[C@H](O)[C@@]1(C)[C@@H]3CC[C@H]4C(C)(C)[C@@H](O[C@H]5CN(C6CN(C7COC7)C6)CCO5)CC[C@@]45C[C@@]35CC[C@]21C)C(C)(C)O,6.89
CCO[C@@H]([C@H]1C[C@@H](C)[C@H]2[C@H](O1)[C@H](O)[C@@]1(C)[C@@H]3CC[C@H]4C(C)(C)[C@@H](O[C@H]5CN(C6CN(CCOC)C6)CCO5)CC[C@@]45C[C@@]35CC[C@]21C)C(C)(C)O,7.17
CCO[C@@H]([C@H]1C[C@@H](C)[C@H]2[C@H](O1)[C@H](O)[C@@]1(C)[C@@H]3CC[C@H]4C(C)(C)[C@@H](O[C@H]5CN(C6CN(CC(C)(C)O)C6)CCO5)CC[C@@]45C[C@@]35CC[C@]21C)C(C)(C)O,6.92
CCO[C@@H]([C@H]1C[C@@H](C)[C@H]2[C@H](O1)[C@H](O)[C@@]1(C)[C@@H]3CC[C@H]4C(C)(C)[C@@H](O[C@H]5CN(CC6CN(C(C)C)C6)CCO5)CC[C@@]45C[C@@]35CC[C@]21C)C(C)(C)O,6.96
CCO[C@@H]([C@H]1C[C@@H](C)[C@H]2[C@H](O1)[C@H](O)[C@@]1(C)[C@@H]3CC[C@H]4C(C)(C)[C@@H](O[C@H]5CN(CC6CN(C7CCC7)C6)CCO5)CC[C@@]45C[C@@]35CC[C@]21C)C(C)(C)O,6.68
CCO[C@@H]([C@H]1C[C@@H](C)[C@H]2[C@H](O1)[C@H](O)[C@@]1(C)[C@@H]3CC[C@H]4C(C)(C)[C@@H](O[C@H]5CN(CC6CN(C7COC7)C6)CCO5)CC[C@@]45C[C@@]35CC[C@]21C)C(C)(C)O,6.77
CCO[C@@H]([C@H]1C[C@@H](C)[C@H]2[C@H](O1)[C@H](O)[C@@]1(C)[C@@H]3CC[C@H]4C(C)(C)[C@@H](O[C@H]5CN(CC6CN(CCOC)C6)CCO5)CC[C@@]45C[C@@]35CC[C@]21C)C(C)(C)O,7.07
CCO[C@@H]([C@H]1C[C@@H](C)[C@H]2[C@H](O1)[C@H](O)[C@@]1(C)[C@@H]3CC[C@H]4C(C)(C)[C@@H](O[C@H]5CN(CC6CN(CC(C)(C)O)C6)CCO5)CC[C@@]45C[C@@]35CC[C@]21C)C(C)(C)O,7.07
CCO[C@@H]([C@H]1C[C@@H](C)[C@H]2[C@H](O1)[C@H](O)[C@@]1(C)[C@@H]3CC[C@H]4C(C)(C)[C@@H](O[C@H]5CN(CC6CN(CCO)C6)CCO5)CC[C@@]45C[C@@]35CC[C@]21C)C(C)(C)O,6.92
CCO[C@@H]([C@H]1C[C@@H](C)[C@H]2[C@H](O1)[C@H](O)[C@@]1(C)[C@@H]3CC[C@H]4C(C)(C)[C@@H](O[C@H]5CN(C6CN(C(C)C)C6)CCO5)CC[C@@]45C[C@@]35CC[C@]21C)C(C)(C)O,6.96
O=C(Cc1ccccc1)NC(CSSCC(NC(=O)Cc1ccccc1)C(=O)O)C(=O)O,5.71
CNc1ccc(C(=O)NC(CCCCCNC(=O)OCc2ccccc2)C(=O)O)cc1,5.56
O=C(O[C@@H]1Cc2c(O)cc(O)cc2O[C@@H]1c1cc(O)c(O)c(O)c1)c1cc(O)c(O)c(O)c1,6.3
C[C@]1(O)c2ccc3c(c2C(=O)c2occ([C@@H](O)CCO)c21)CCC3=O,4.02
C[C@]1(O)c2ccc3c(c2C(=O)c2occ(CCCO)c21)CCC3=O,4.55
C[C@]1(O)c2ccc3c(c2C(=O)c2occ(CCO)c21)CCC3=O,4.46
C[C@@]1(O)c2ccc3c(c2C(=O)c2occ([C@@H](O)CCO)c21)CCC3=O,4.14
C[C@@]12c3ccc4c(c3C(=O)c3occ(c31)[C@@H](O)C[C@@H]2O)CCC4=O,5.0
C[C@]12CCC(=O)c3coc(c31)C(=O)C1=C2[C@@H](O)C[C@]2(C)C(=O)CC[C@@H]12,5.92
C[C@@]12C(=O)CC[C@H]1C1=C(C[C@H]2O)[C@@]2(C)CC[C@H](O)c3coc(c32)C1=O,4.36
C[C@@]12c3ccc4c(c3C(=O)c3occ(c31)C(=O)C[C@H]2O)CCC4=O,4.87
CCN(CCCCCCNC1=CC(=O)C(NCCCCCCN(CC)Cc2ccccc2OC)=CC1=O)Cc1ccccc1OC,5.23
O=C(Cc1ccccc1Nc1c(Cl)cccc1Cl)NCCCNCCCNC1=CC(=O)C(NCCCNCCCNC(=O)Cc2ccccc2Nc2c(Cl)cccc2Cl)=CC1=O,5.51
CC(C)Cc1ccc(C(C)C(=O)NCCCNCCCNC2=CC(=O)C(NCCCNCCCNC(=O)C(C)c3ccc(CC(C)C)cc3)=CC2=O)cc1,5.32
O=C1Nc2ccccc2/C1=C\C=C\c1ccc([N+](=O)[O-])cc1,7.22
O=C1Nc2ccccc2/C1=C/C=C/c1ccc([N+](=O)[O-])cc1,7.44
O=C1/C(=C/c2ccc([N+](=O)[O-])cc2)c2ccccc2N1Cc1ccccc1,6.16
O=C1/C(=C\c2ccc([N+](=O)[O-])cc2)c2ccccc2N1Cc1ccccc1,6.34
O=C1Nc2ccccc2/C1=C\c1ccc([N+](=O)[O-])cc1,6.36
O=C1Nc2ccccc2/C1=C/c1ccc([N+](=O)[O-])cc1,6.49
Nc1ccc(/C=C/C=C2\C(=O)Nc3ccccc32)cc1,7.29
CN(C)c1ccc(/C=C/C=C2\C(=O)N(c3ccccc3)c3ccccc32)cc1,6.54
CN(C)c1ccc(/C=C/C=C2\C(=O)N(Cc3ccc(N)cc3)c3ccccc32)cc1,7.0
COc1ccc(CN2C(=O)/C(=C\C=C\c3ccc(N(C)C)cc3)c3cccnc32)cc1,6.97
CN(C)c1ccc(/C=C/C=C2\C(=O)N(Cc3ccccc3)c3ncccc32)cc1,7.07
CCOC(=O)N1C(=O)/C(=C\C=C\c2ccc(N(C)C)cc2)c2ccccc21,7.08
CN(C)c1ccc(/C=C/C=C2\C(=O)N(c3ccncc3)c3ccccc32)cc1,7.34
CN(C)c1ccc(/C=C/C=C2\C(=O)N(Cc3ccc([N+](=O)[O-])cc3)c3ccccc32)cc1,7.03
COc1ccc(CN2C(=O)/C(=C\C=C\c3ccc(N(C)C)cc3)c3ccccc32)cc1,6.89
CN(C)c1ccc(/C=C/C=C2\C(=O)N(Cc3ccccc3)c3ccccc32)cc1,6.45
CN(C)c1ccc(/C=C/C=C2\C(=O)N(C)c3ccccc32)cc1,7.25
COc1ccc(/C=C/C=C2\C(=O)N(Cc3ccccc3)c3ccccc32)cc1,6.13
CN(C)c1ccc(/C=C2\C(=O)Nc3ccccc32)cc1,7.04
CN(C)c1ccc(/C=C2\C(=O)Nc3ncccc32)cc1,7.4
CN(C)c1ccc(/C=C2\C(=O)Nc3ccc(O)cc32)cc1,7.02
CN(C)c1ccc(/C=C2\C(=O)N(C)c3ccccc32)cc1,6.81
CN(C)c1ccc(/C=C2\C(=O)N(Cc3ccccc3)c3ccccc32)cc1,6.58
COc1ccc(CN2C(=O)/C(=C\c3ccc(N(C)C)cc3)c3ccccc32)cc1,6.6
CN(C)c1ccc(/C=C2\C(=O)N(c3ccncc3)c3ccccc32)cc1,7.06
CCOC(=O)N1C(=O)/C(=C\c2ccc(N(C)C)cc2)c2ccccc21,6.85
CN(C)c1ccc(/C=C2\C(=O)N(Cc3ccccc3)c3ncccc32)cc1,6.72
O=C1/C(=C\C=C\c2ccccc2)c2ccccc2N1Cc1ccccc1,6.15
CN(C)c1ccc(/C=C/C=C2\C(=O)Nc3ccc(O)cc32)cc1,7.43
CN(C)c1ccc(/C=C/C=C2\C(=O)Nc3ncccc32)cc1,7.82
CN(C)c1ccc(/C=C/C=C2\C(=O)Nc3ccccc32)cc1,7.56
COc1ccc(/C=C/C=C2\C(=O)Nc3ccccc32)cc1,6.9
O=C1Nc2ccccc2/C1=C/C=C/c1ccccc1,6.57
CN(C)c1ccc(/C=C2\C(=O)N(c3ccccc3)c3ccccc32)cc1,6.75
COc1ccc(CN2C(=O)/C(=C\c3ccc(N(C)C)cc3)c3cccnc32)cc1,6.95
O=C1/C(=C\C=C\c2ccc([N+](=O)[O-])cc2)c2ccccc2N1Cc1ccccc1,6.67
O=C1/C(=C/C=C/c2ccc([N+](=O)[O-])cc2)c2ccccc2N1Cc1ccccc1,6.63
COc1ccc(CN2C(=O)/C(=C\C=C\c3ccc([N+](=O)[O-])cc3)c3ccccc32)cc1,6.88
COc1ccc(CN2C(=O)/C(=C/C=C/c3ccc([N+](=O)[O-])cc3)c3ccccc32)cc1,6.86
COc1cccc(CN2C(=O)/C(=C\C=C\c3ccc([N+](=O)[O-])cc3)c3ccccc32)c1,6.96
COc1cccc(CN2C(=O)/C(=C/C=C/c3ccc([N+](=O)[O-])cc3)c3ccccc32)c1,6.58
COc1ccc(CN2C(=O)/C(=C\C=C\c3ccc([N+](=O)[O-])cc3)c3ccccc32)cc1OC,7.13
COc1ccc(CN2C(=O)/C(=C/C=C/c3ccc([N+](=O)[O-])cc3)c3ccccc32)cc1OC,6.89
O=C1/C(=C\C=C\c2ccc([N+](=O)[O-])cc2)c2ccccc2N1Cc1ccc(OCCF)cc1,6.85
O=C1/C(=C/C=C/c2ccc([N+](=O)[O-])cc2)c2ccccc2N1Cc1ccc(OCCF)cc1,6.9
O=C1/C(=C\C=C\c2ccc([N+](=O)[O-])cc2)c2ccccc2N1Cc1ccc(OCC[18F])cc1,6.57
CCN1/C(=C/C=C/c2sc3ccc(OCCCO[N+](=O)[O-])cc3[n+]2CC)Sc2ccc(OCCCO[N+](=O)[O-])cc21.O=S(=O)([O-])C(F)(F)F,4.58
CCN1/C(=C/C=C/c2sc3ccc(OCc4no[n+]([O-])c4C(N)=O)cc3[n+]2CC)Sc2ccc(OCc3no[n+]([O-])c3C(N)=O)cc21.O=S(=O)([O-])C(F)(F)F,4.77
CCN1/C(=C/C=C/c2sc3ccccc3[n+]2CC)Sc2ccc(OCc3no[n+]([O-])c3C(N)=O)cc21.[I-],4.58
CCN1/C(=C/C=C/c2sc3ccccc3[n+]2CC)Sc2ccccc21.[I-],5.48
CCN1/C(=C/C=C/c2sc3ccccc3[n+]2CC)Sc2ccc(OCCCO[N+](=O)[O-])cc21.[I-],5.11
CCN1/C(=C/C=C/c2sc3ccccc3[n+]2CC)Sc2ccc(Oc3no[n+]([O-])c3-c3ccccc3)cc21.[I-],5.8
CCCOc1ccc2c(c1)N(CC)/C(=C/C=C/c1sc3ccccc3[n+]1CC)S2.[I-],6.1
COc1cc(-c2cc(-c3c(O)cccc3O)[nH]n2)ccc1O,5.37
Oc1ccc(-c2cc(-c3c(O)cccc3O)[nH]n2)cc1,4.8
Oc1ccc(-c2cc(-c3c(O)cccc3O)[nH]n2)cc1O,5.89
COc1cc(-c2cc(-c3c(O)cccc3O)[nH]n2)cc(OC)c1O,5.54
COc1cc(/C=C/C(=O)/C=C(O)/C=C/c2ccc(O)c(OC)c2)ccc1O,5.41
O=C(O)c1c(O)cc2c([nH]c3ccccc32)c1O,4.82
Oc1ccc(/C=C/c2ccc(O)c3ncccc23)cc1,5.07
CC(C)c1c(NC(=O)/C=C/c2ccc(O)c(O)c2)cc2c(c1[N+](=O)[O-])CC[C@H]1[C@](C)(CNC(=O)/C=C/c3ccc(O)c(O)c3)CCC[C@]21C,5.4
O=C(/C=C/c1ccc(O)c(O)c1)O[C@H](Cc1ccc(O)c(O)c1)C(=O)O,4.17
CC1=CC[C@@H]2[C@@]3(C)C=CC(=O)OC(C)(C)[C@@H]3CC[C@@]2(C)[C@]12Cc1c(c(C)c(C)oc1=O)O2,4.18
O=C(/C=C/c1ccc(O)c(O)c1)O[C@H](Cc1ccc(O)c(O)c1)C(=O)O,4.14
C[C@@H]1C[C@@]23C[C@H]4C(C)(C)[C@@]5(C[C@]4(CN2C1=O)NC3=O)C(=O)Nc1c5ccc2c1C=CC(C)(C)O2,4.01
CN1C(=O)[C@@]23CCC(=O)N2C[C@@]12C[C@@]1(C(=O)Nc4c1ccc1c4C=CC(C)(C)O1)C(C)(C)[C@@H]2C3,4.05
O=C(/C=C/c1ccc(O)c(O)c1)O[C@H](Cc1ccc(O)c(O)c1)C(=O)O,4.24
CC1=NN(c2ccc(-n3cccc3)cc2)C(=O)C1,4.58
CC1=NN(c2cccc(COCc3ccccc3)c2)C(=O)C1,4.57
CC1=NN(c2ccc(-c3ccccc3)cc2)C(=O)C1,5.25
COc1ccc(-c2ccc(N3N=C(C)CC3=O)cc2)cc1,5.47
CC1=NN(c2ccc(-c3cccnc3)cc2)C(=O)C1,4.84
CC1=NN(c2ccc(-n3c(-c4ccccc4)cc4ccccc43)cc2)C(=O)C1,4.71
CC1=NN(c2ccc(-n3c(-c4ccccc4)cc4ccccc43)cc2)C(=O)C1,5.46
CC1=NN(c2ccc(-c3cccnc3)cc2)C(=O)C1,5.41
COc1ccc(-c2ccc(N3N=C(C)CC3=O)cc2)cc1,5.29
CC1=NN(c2ccc(-c3ccccc3)cc2)C(=O)C1,4.71
CC1=NN(c2cccc(COCc3ccccc3)c2)C(=O)C1,5.54
CC1=NN(c2ccc(-n3cccc3)cc2)C(=O)C1,5.4
CC1=NN(c2cccc(N3CCCC3)c2)C(=O)C1,4.78
CC1=NN(c2ccc(N(c3ccccc3)c3ccccc3)cc2)C(=O)C1,5.4
O=c1c(O)c(-c2ccc(O)cc2O)oc2cc(O)cc(O)c12,4.52
O=C1c2c(O)cc(O)cc2O[C@H](c2ccc(O)c(O)c2)[C@H]1O,4.48
O=c1c(O)c(-c2ccc(O)c(O)c2)oc2cc(O)cc(O)c12,4.82
O=c1c(O)c(-c2cc(O)c(O)c(O)c2)oc2cc(O)cc(O)c12,4.82
O=c1c(O)c(-c2ccc(O)cc2)oc2cc(O)cc(O)c12,4.12
O=c1c(O)c(-c2ccccc2O)oc2cc(O)cc(O)c12,4.26
Cl.Cl.c1ccc2c(NCCCCCCCNc3c4c(nc5ccccc35)CCCC4)c3c(nc2c1)CCCC3,5.08
COc1ccc(CC(=O)Nc2nc(-c3ccccc3)cs2)cc1,4.97
COc1cc(/C=C/C(=O)CC(=O)/C=C/c2ccc(O)c(OC)c2)ccc1O,4.95
CN(C)c1ccc(COc2ccc(OCCF)cc2)cc1,7.59
CN(C)c1ccc(COc2ccc(OCCOCCF)cc2)cc1,6.72
CN(C)c1ccc(COc2ccc(OCCOCCOCCF)cc2)cc1,6.45
COc1ccc(COc2ccc(OCCF)cc2)cc1,6.93
COc1ccc(COc2ccc(OCCOCCF)cc2)cc1,6.36
COc1ccc(COc2ccc(OCCOCCOCCF)cc2)cc1,6.11
CN(C)c1ccc(OCc2ccc(OCCF)cc2)cc1,7.68
COc1ccc(OCc2ccc(OCCF)cc2)cc1,6.82
